[   1/ 280] /Users/pablogrossi/Desktop/AXLE/AULA/counting.lean
project:   /Users/pablogrossi/Desktop/geometry  (leanprover/lean4:v4.32.0)
mathlib:   leanprover/lean4:v4.32.0

  OK       8s  counting.lean
        audit: 7 declarations — GATE REFUSED
          ::error::sorryAx present - a theorem is admitted, not proved
          ::error::claim2 depends on sorryAx
          ::error::claim4 depends on sorryAx
          ::error::claim6 depends on sorryAx
          ::error::permitted axioms are Classical.choice, Quot.sound, propext.
          ::error::native_decide leaves Lean.ofReduceBool and is NOT a kernel check; sorryAx means the theorem is admitted.
        report: tools/verify-audit/2026-09-09/counting.axioms.txt

  1 ok, 0 failed
[   2/ 280] /Users/pablogrossi/Desktop/AXLE/CatGT/Gronwall.lean
project:   /Users/pablogrossi/Desktop/geometry  (leanprover/lean4:v4.32.0)
mathlib:   leanprover/lean4:v4.32.0

  FAIL     1s  Gronwall.lean  (7 errors)
          /Users/pablogrossi/Desktop/AXLE/CatGT/Gronwall.lean:29:34: error: unknown tactic
          /Users/pablogrossi/Desktop/AXLE/CatGT/Gronwall.lean:22:18: error(lean.synthInstanceFailed): failed to synthesize instance of type class
            LT ℝ
          
          Hint: Type class instance resolution failures can be inspected with the `set_option trace.Meta.synthInstance true` command.
          /Users/pablogrossi/Desktop/AXLE/CatGT/Gronwall.lean:23:5: error(lean.unknownIdentifier): Unknown identifier `canonicalTriple.mu_max`
          /Users/pablogrossi/Desktop/AXLE/CatGT/Gronwall.lean:23:44: error(lean.unknownIdentifier): Unknown identifier `Real.pi`
          /Users/pablogrossi/Desktop/AXLE/CatGT/Gronwall.lean:23:4: error(lean.synthInstanceFailed): failed to synthesize instance of type class
            LT ℝ
          
          Hint: Type class instance resolution failures can be inspected with the `set_option trace.Meta.synthInstance true` command.
          /Users/pablogrossi/Desktop/AXLE/CatGT/Gronwall.lean:23:55: error(lean.synthInstanceFailed): failed to synthesize instance of type class
            OfNat ℝ 0
          numerals are polymorphic in Lean, but the numeral `0` cannot be used in a context where the expected type is
            ℝ
          due to the absence of the instance above
          
          Hint: Type class instance resolution failures can be inspected with the `set_option trace.Meta.synthInstance true` command.
          /Users/pablogrossi/Desktop/AXLE/CatGT/Gronwall.lean:23:30: error(lean.synthInstanceFailed): failed to synthesize instance of type class
            HMul Nat ℝ ?m.18
          
          Hint: Type class instance resolution failures can be inspected with the `set_option trace.Meta.synthInstance true` command.

  0 ok, 1 failed
[   3/ 280] /Users/pablogrossi/Desktop/AXLE/CatGT/Growth.lean
project:   /Users/pablogrossi/Desktop/geometry  (leanprover/lean4:v4.32.0)
mathlib:   leanprover/lean4:v4.32.0

  FAIL     2s  Growth.lean  (3 errors)
          /Users/pablogrossi/Desktop/AXLE/CatGT/Growth.lean:3:10: error: Constructor field `g` of `Orthogenesis.GrowthParams.mk` contains universe level metavariables at the expression
            {ℝ : Sort ?u.4} → ℝ
          in its type
            {ℝ : Sort ?u.4} → ℝ
          /Users/pablogrossi/Desktop/AXLE/CatGT/Growth.lean:11:2: error(lean.invalidField): Invalid field notation: Field projection operates on types of the form `C ...` where C is a constant. The expression
            P
          has type `GrowthParams` which does not have the necessary form.
          /Users/pablogrossi/Desktop/AXLE/CatGT/Growth.lean:11:8: error: Type mismatch
            n
          has type
            ℕ
          but is expected to have type
            ℝ

  0 ok, 1 failed
[   4/ 280] /Users/pablogrossi/Desktop/AXLE/CatGT/axle_togt_canonical.lean
project:   /Users/pablogrossi/Desktop/geometry  (leanprover/lean4:v4.32.0)
mathlib:   leanprover/lean4:v4.32.0

  FAIL     1s  axle_togt_canonical.lean  (5 errors)
          /Users/pablogrossi/Desktop/AXLE/CatGT/axle_togt_canonical.lean:139:28: error(lean.unknownIdentifier): Unknown constant `Float.pi`
          /Users/pablogrossi/Desktop/AXLE/CatGT/axle_togt_canonical.lean:214:19: error: Function expected at
            Matrix
          but this term has type
            ?m.1
          
          Note: Expected a function because this term is being applied to the argument
            (Fin n)
          
          Hint: The identifier `Matrix` is unknown, and Lean's `autoImplicit` option causes an unknown identifier to be treated as an implicitly bound variable with an unknown type. However, the unknown type cannot be a function, and a function is what Lean expects here. This is often the result of a typo or a missing `import` or `open` statement.
          /Users/pablogrossi/Desktop/AXLE/CatGT/axle_togt_canonical.lean:246:15: warning: Variable name `o` is not explicitly referenced.
          
          The binding can be removed (if unused) or named `_` (if used implicitly).
          
          Note: This linter can be disabled with `set_option linter.unusedVariables false`
          /Users/pablogrossi/Desktop/AXLE/CatGT/axle_togt_canonical.lean:259:5: warning: Variable name `n` is not explicitly referenced.
          --
          /Users/pablogrossi/Desktop/AXLE/CatGT/axle_togt_canonical.lean:416:39: error: No goals to be solved
          /Users/pablogrossi/Desktop/AXLE/CatGT/axle_togt_canonical.lean:452:45: error: omega could not prove the goal:
          a possible counterexample may satisfy the constraints
            c ≥ 0
            b ≥ 0
            b - c ≥ 0
            a ≥ 1
          where
           a := ↑M
           b := ↑N * ↑M
           c := ↑(N + 1) * ↑M
          /Users/pablogrossi/Desktop/AXLE/CatGT/axle_togt_canonical.lean:456:45: error: omega could not prove the goal:
          a possible counterexample may satisfy the constraints
            c ≥ 0
            b ≥ 0
            b - c ≥ 0
            a ≥ 1
          where
           a := ↑N
           b := ↑N * ↑M
           c := ↑N * ↑(M + 1)

  0 ok, 1 failed
[   5/ 280] /Users/pablogrossi/Desktop/AXLE/CatGT/gronwall_contraction_below_stability_radius.lean
project:   /Users/pablogrossi/Desktop/geometry  (leanprover/lean4:v4.32.0)
mathlib:   leanprover/lean4:v4.32.0

  FAIL     2s  gronwall_contraction_below_stability_radius.lean  (8 errors)
          /Users/pablogrossi/Desktop/AXLE/CatGT/gronwall_contraction_below_stability_radius.lean:7:3: error: unknown tactic
          /Users/pablogrossi/Desktop/AXLE/CatGT/gronwall_contraction_below_stability_radius.lean:2:18: error(lean.synthInstanceFailed): failed to synthesize instance of type class
            LT ℝ
          
          Hint: Type class instance resolution failures can be inspected with the `set_option trace.Meta.synthInstance true` command.
          /Users/pablogrossi/Desktop/AXLE/CatGT/gronwall_contraction_below_stability_radius.lean:3:5: error(lean.unknownIdentifier): Unknown identifier `canonicalTriple.mu_max`
          /Users/pablogrossi/Desktop/AXLE/CatGT/gronwall_contraction_below_stability_radius.lean:3:44: error(lean.unknownIdentifier): Unknown identifier `Real.pi`
          /Users/pablogrossi/Desktop/AXLE/CatGT/gronwall_contraction_below_stability_radius.lean:3:4: error(lean.synthInstanceFailed): failed to synthesize instance of type class
            LT ℝ
          
          Hint: Type class instance resolution failures can be inspected with the `set_option trace.Meta.synthInstance true` command.
          /Users/pablogrossi/Desktop/AXLE/CatGT/gronwall_contraction_below_stability_radius.lean:3:55: error(lean.synthInstanceFailed): failed to synthesize instance of type class
            OfNat ℝ 0
          numerals are polymorphic in Lean, but the numeral `0` cannot be used in a context where the expected type is
            ℝ
          due to the absence of the instance above
          
          Hint: Type class instance resolution failures can be inspected with the `set_option trace.Meta.synthInstance true` command.
          /Users/pablogrossi/Desktop/AXLE/CatGT/gronwall_contraction_below_stability_radius.lean:3:30: error(lean.synthInstanceFailed): failed to synthesize instance of type class
            HMul Nat ℝ ?m.18
          
          Hint: Type class instance resolution failures can be inspected with the `set_option trace.Meta.synthInstance true` command.
          /Users/pablogrossi/Desktop/AXLE/CatGT/gronwall_contraction_below_stability_radius.lean:5:12: error(lean.unknownIdentifier): Unknown identifier `canonicalTriple.mu_max`

  0 ok, 1 failed
[   6/ 280] /Users/pablogrossi/Desktop/AXLE/CatGT/gronwall_proof.lean
project:   /Users/pablogrossi/Desktop/geometry  (leanprover/lean4:v4.32.0)
mathlib:   leanprover/lean4:v4.32.0

  FAIL     2s  gronwall_proof.lean  (7 errors)
          /Users/pablogrossi/Desktop/AXLE/CatGT/gronwall_proof.lean:29:34: error: unknown tactic
          /Users/pablogrossi/Desktop/AXLE/CatGT/gronwall_proof.lean:22:18: error(lean.synthInstanceFailed): failed to synthesize instance of type class
            LT ℝ
          
          Hint: Type class instance resolution failures can be inspected with the `set_option trace.Meta.synthInstance true` command.
          /Users/pablogrossi/Desktop/AXLE/CatGT/gronwall_proof.lean:23:5: error(lean.unknownIdentifier): Unknown identifier `canonicalTriple.mu_max`
          /Users/pablogrossi/Desktop/AXLE/CatGT/gronwall_proof.lean:23:44: error(lean.unknownIdentifier): Unknown identifier `Real.pi`
          /Users/pablogrossi/Desktop/AXLE/CatGT/gronwall_proof.lean:23:4: error(lean.synthInstanceFailed): failed to synthesize instance of type class
            LT ℝ
          
          Hint: Type class instance resolution failures can be inspected with the `set_option trace.Meta.synthInstance true` command.
          /Users/pablogrossi/Desktop/AXLE/CatGT/gronwall_proof.lean:23:55: error(lean.synthInstanceFailed): failed to synthesize instance of type class
            OfNat ℝ 0
          numerals are polymorphic in Lean, but the numeral `0` cannot be used in a context where the expected type is
            ℝ
          due to the absence of the instance above
          
          Hint: Type class instance resolution failures can be inspected with the `set_option trace.Meta.synthInstance true` command.
          /Users/pablogrossi/Desktop/AXLE/CatGT/gronwall_proof.lean:23:30: error(lean.synthInstanceFailed): failed to synthesize instance of type class
            HMul Nat ℝ ?m.18
          
          Hint: Type class instance resolution failures can be inspected with the `set_option trace.Meta.synthInstance true` command.

  0 ok, 1 failed
[   7/ 280] /Users/pablogrossi/Desktop/AXLE/CatGT/gtct_t1.lean
project:   /Users/pablogrossi/Desktop/geometry  (leanprover/lean4:v4.32.0)
mathlib:   leanprover/lean4:v4.32.0

  FAIL     2s  gtct_t1.lean  (8 errors)
          /Users/pablogrossi/Desktop/AXLE/CatGT/gtct_t1.lean:3:9: error: Function expected at
            CompressionOp
          but this term has type
            ?m.2
          
          Note: Expected a function because this term is being applied to the argument
            M
          
          Hint: The identifier `CompressionOp` is unknown, and Lean's `autoImplicit` option causes an unknown identifier to be treated as an implicitly bound variable with an unknown type. However, the unknown type cannot be a function, and a function is what Lean expects here. This is often the result of a typo or a missing `import` or `open` statement.
          /Users/pablogrossi/Desktop/AXLE/CatGT/gtct_t1.lean:3:31: error: Function expected at
            CurvatureOp
          but this term has type
            ?m.3
          
          Note: Expected a function because this term is being applied to the argument
            M
          
          Hint: The identifier `CurvatureOp` is unknown, and Lean's `autoImplicit` option causes an unknown identifier to be treated as an implicitly bound variable with an unknown type. However, the unknown type cannot be a function, and a function is what Lean expects here. This is often the result of a typo or a missing `import` or `open` statement.
          /Users/pablogrossi/Desktop/AXLE/CatGT/gtct_t1.lean:4:9: error: Function expected at
            FoldOp
          but this term has type
            ?m.4
          
          Note: Expected a function because this term is being applied to the argument
            M
          
          Hint: The identifier `FoldOp` is unknown, and Lean's `autoImplicit` option causes an unknown identifier to be treated as an implicitly bound variable with an unknown type. However, the unknown type cannot be a function, and a function is what Lean expects here. This is often the result of a typo or a missing `import` or `open` statement.
          /Users/pablogrossi/Desktop/AXLE/CatGT/gtct_t1.lean:4:24: error: Function expected at
            UnfoldOp
          but this term has type
            ?m.5
          
          Note: Expected a function because this term is being applied to the argument
            M
          
          Hint: The identifier `UnfoldOp` is unknown, and Lean's `autoImplicit` option causes an unknown identifier to be treated as an implicitly bound variable with an unknown type. However, the unknown type cannot be a function, and a function is what Lean expects here. This is often the result of a typo or a missing `import` or `open` statement.
          /Users/pablogrossi/Desktop/AXLE/CatGT/gtct_t1.lean:5:9: error: Function expected at
            BinduState
          but this term has type
            ?m.6
          
          Note: Expected a function because this term is being applied to the argument
            M
          
          Hint: The identifier `BinduState` is unknown, and Lean's `autoImplicit` option causes an unknown identifier to be treated as an implicitly bound variable with an unknown type. However, the unknown type cannot be a function, and a function is what Lean expects here. This is often the result of a typo or a missing `import` or `open` statement.
          /Users/pablogrossi/Desktop/AXLE/CatGT/gtct_t1.lean:5:29: error: Function expected at
            IsStabilityComplete
          but this term has type
            ?m.7
          
          Note: Expected a function because this term is being applied to the argument
            b
          
          Hint: The identifier `IsStabilityComplete` is unknown, and Lean's `autoImplicit` option causes an unknown identifier to be treated as an implicitly bound variable with an unknown type. However, the unknown type cannot be a function, and a function is what Lean expects here. This is often the result of a typo or a missing `import` or `open` statement.
          /Users/pablogrossi/Desktop/AXLE/CatGT/gtct_t1.lean:6:4: error: Function expected at
            returnState
          but this term has type
            ?m.8
          
          Note: Expected a function because this term is being applied to the argument
            M
          
          Hint: The identifier `returnState` is unknown, and Lean's `autoImplicit` option causes an unknown identifier to be treated as an implicitly bound variable with an unknown type. However, the unknown type cannot be a function, and a function is what Lean expects here. This is often the result of a typo or a missing `import` or `open` statement.
          /Users/pablogrossi/Desktop/AXLE/CatGT/gtct_t1.lean:6:47: error: unsolved goals
          GenerativeManifold : Sort u_1
          x✝⁶ : Sort u_2
          CompressionOp : x✝⁶
          x✝⁵ : Sort u_3
          CurvatureOp : x✝⁵
          x✝⁴ : Sort u_4

  0 ok, 1 failed
[   8/ 280] /Users/pablogrossi/Desktop/AXLE/CatGT/regeneration_loop_invariant.lean
project:   /Users/pablogrossi/Desktop/geometry  (leanprover/lean4:v4.32.0)
mathlib:   leanprover/lean4:v4.32.0

  FAIL     1s  regeneration_loop_invariant.lean  (11 errors)
          /Users/pablogrossi/Desktop/AXLE/CatGT/regeneration_loop_invariant.lean:5:12: error(lean.invalidField): Invalid field notation: Field projection operates on types of the form `C ...` where C is a constant. The expression
            M
          has type `GenerativeManifold` which does not have the necessary form.
          /Users/pablogrossi/Desktop/AXLE/CatGT/regeneration_loop_invariant.lean:5:24: error(lean.invalidField): Invalid field notation: Field projection operates on types of the form `C ...` where C is a constant. The expression
            M
          has type `GenerativeManifold` which does not have the necessary form.
          /Users/pablogrossi/Desktop/AXLE/CatGT/regeneration_loop_invariant.lean:7:10: error(lean.invalidField): Invalid field notation: Field projection operates on types of the form `C ...` where C is a constant. The expression
            M
          has type `GenerativeManifold` which does not have the necessary form.
          /Users/pablogrossi/Desktop/AXLE/CatGT/regeneration_loop_invariant.lean:3:9: error: Function expected at
            CompressionOp
          but this term has type
            ?m.2
          
          Note: Expected a function because this term is being applied to the argument
            M
          
          Hint: The identifier `CompressionOp` is unknown, and Lean's `autoImplicit` option causes an unknown identifier to be treated as an implicitly bound variable with an unknown type. However, the unknown type cannot be a function, and a function is what Lean expects here. This is often the result of a typo or a missing `import` or `open` statement.
          /Users/pablogrossi/Desktop/AXLE/CatGT/regeneration_loop_invariant.lean:3:31: error: Function expected at
            CurvatureOp
          but this term has type
            ?m.3
          
          Note: Expected a function because this term is being applied to the argument
            M
          
          Hint: The identifier `CurvatureOp` is unknown, and Lean's `autoImplicit` option causes an unknown identifier to be treated as an implicitly bound variable with an unknown type. However, the unknown type cannot be a function, and a function is what Lean expects here. This is often the result of a typo or a missing `import` or `open` statement.
          /Users/pablogrossi/Desktop/AXLE/CatGT/regeneration_loop_invariant.lean:4:9: error: Function expected at
            FoldOp
          but this term has type
            ?m.4
          
          Note: Expected a function because this term is being applied to the argument
            M
          
          Hint: The identifier `FoldOp` is unknown, and Lean's `autoImplicit` option causes an unknown identifier to be treated as an implicitly bound variable with an unknown type. However, the unknown type cannot be a function, and a function is what Lean expects here. This is often the result of a typo or a missing `import` or `open` statement.
          /Users/pablogrossi/Desktop/AXLE/CatGT/regeneration_loop_invariant.lean:4:24: error: Function expected at
            UnfoldOp
          but this term has type
            ?m.5
          
          Note: Expected a function because this term is being applied to the argument
            M
          
          Hint: The identifier `UnfoldOp` is unknown, and Lean's `autoImplicit` option causes an unknown identifier to be treated as an implicitly bound variable with an unknown type. However, the unknown type cannot be a function, and a function is what Lean expects here. This is often the result of a typo or a missing `import` or `open` statement.
          /Users/pablogrossi/Desktop/AXLE/CatGT/regeneration_loop_invariant.lean:6:33: error: Function expected at
            GenerativeOp
          but this term has type
            ?m.6
          
          Note: Expected a function because this term is being applied to the argument
            M
          
          Hint: The identifier `GenerativeOp` is unknown, and Lean's `autoImplicit` option causes an unknown identifier to be treated as an implicitly bound variable with an unknown type. However, the unknown type cannot be a function, and a function is what Lean expects here. This is often the result of a typo or a missing `import` or `open` statement.
          /Users/pablogrossi/Desktop/AXLE/CatGT/regeneration_loop_invariant.lean:8:12: error: Function expected at
            GenerativeOp
          but this term has type
            ?m.6
          
          Note: Expected a function because this term is being applied to the argument
            M
          
          Hint: The identifier `GenerativeOp` is unknown, and Lean's `autoImplicit` option causes an unknown identifier to be treated as an implicitly bound variable with an unknown type. However, the unknown type cannot be a function, and a function is what Lean expects here. This is often the result of a typo or a missing `import` or `open` statement.
          /Users/pablogrossi/Desktop/AXLE/CatGT/regeneration_loop_invariant.lean:9:6: error: Function expected at
            GenerativeOp
          but this term has type
            ?m.6
          
          Note: Expected a function because this term is being applied to the argument
            M

  0 ok, 1 failed
[   9/ 280] /Users/pablogrossi/Desktop/AXLE/CatGT/separation_theorem.lean
project:   /Users/pablogrossi/Desktop/geometry  (leanprover/lean4:v4.32.0)
mathlib:   leanprover/lean4:v4.32.0

  FAIL     2s  separation_theorem.lean  (7 errors)
          /Users/pablogrossi/Desktop/AXLE/CatGT/separation_theorem.lean:6:50: error: unknown tactic
          /Users/pablogrossi/Desktop/AXLE/CatGT/separation_theorem.lean:1:41: error(lean.synthInstanceFailed): failed to synthesize instance of type class
            LT ℕ
          
          Hint: Type class instance resolution failures can be inspected with the `set_option trace.Meta.synthInstance true` command.
          /Users/pablogrossi/Desktop/AXLE/CatGT/separation_theorem.lean:1:45: error(lean.synthInstanceFailed): failed to synthesize instance of type class
            OfNat ℕ 33
          numerals are polymorphic in Lean, but the numeral `33` cannot be used in a context where the expected type is
            ℕ
          due to the absence of the instance above
          
          Hint: Type class instance resolution failures can be inspected with the `set_option trace.Meta.synthInstance true` command.
          /Users/pablogrossi/Desktop/AXLE/CatGT/separation_theorem.lean:2:9: error: Function expected at
            Matrix
          but this term has type
            ?m.2
          
          Note: Expected a function because this term is being applied to the argument
            (Fin n)
          
          Hint: The identifier `Matrix` is unknown, and Lean's `autoImplicit` option causes an unknown identifier to be treated as an implicitly bound variable with an unknown type. However, the unknown type cannot be a function, and a function is what Lean expects here. This is often the result of a typo or a missing `import` or `open` statement.
          /Users/pablogrossi/Desktop/AXLE/CatGT/separation_theorem.lean:2:41: error: Function expected at
            IsDm3Stable
          but this term has type
            ?m.3
          
          Note: Expected a function because this term is being applied to the argument
            M
          
          Hint: The identifier `IsDm3Stable` is unknown, and Lean's `autoImplicit` option causes an unknown identifier to be treated as an implicitly bound variable with an unknown type. However, the unknown type cannot be a function, and a function is what Lean expects here. This is often the result of a typo or a missing `import` or `open` statement.
          /Users/pablogrossi/Desktop/AXLE/CatGT/separation_theorem.lean:6:46: error: unsolved goals
          ℕ : Type u_1
          x✝¹ : Sort u_2
          Matrix : x✝¹
          x✝ : Sort u_3
          IsDm3Stable : x✝
          n : ℕ
          hn : sorry
          M : sorry
          hM : sorry
          ⊢ sorry = 1 + (sorry - 1)
          /Users/pablogrossi/Desktop/AXLE/CatGT/separation_theorem.lean:3:20: error: unsolved goals
          ℕ : Type u_1
          x✝¹ : Sort u_2
          Matrix : x✝¹
          x✝ : Sort u_3
          IsDm3Stable : x✝
          n : ℕ
          hn : sorry
          M : sorry
          hM : sorry
          h_dom : sorry = 1 + (sorry - 1)
          ⊢ sorry ≠ 33

  0 ok, 1 failed
[  10/ 280] /Users/pablogrossi/Desktop/AXLE/NbonacciLadder.lean
project:   /Users/pablogrossi/Desktop/geometry  (leanprover/lean4:v4.32.0)
mathlib:   leanprover/lean4:v4.32.0

  OK       2s  NbonacciLadder.lean
        audit: 24 declarations, all within the permitted three
        report: tools/verify-audit/2026-09-09/NbonacciLadder.axioms.txt

  1 ok, 0 failed
[  11/ 280] /Users/pablogrossi/Desktop/AXLE/NonCommutativity_v4.lean
project:   /Users/pablogrossi/Desktop/geometry  (leanprover/lean4:v4.32.0)
mathlib:   leanprover/lean4:v4.32.0

  FAIL     2s  NonCommutativity_v4.lean  (77 errors)
          /Users/pablogrossi/Desktop/AXLE/NonCommutativity_v4.lean:116:31: error(lean.synthInstanceFailed): failed to synthesize instance of type class
            Neg ℤ
          
          Hint: Type class instance resolution failures can be inspected with the `set_option trace.Meta.synthInstance true` command.
          /Users/pablogrossi/Desktop/AXLE/NonCommutativity_v4.lean:119:37: error(lean.synthInstanceFailed): failed to synthesize instance of type class
            LT ℤ
          
          Hint: Type class instance resolution failures can be inspected with the `set_option trace.Meta.synthInstance true` command.
          /Users/pablogrossi/Desktop/AXLE/NonCommutativity_v4.lean:119:37: error(lean.synthInstanceFailed): failed to synthesize instance of type class
            OfNat ℤ 0
          numerals are polymorphic in Lean, but the numeral `0` cannot be used in a context where the expected type is
            ℤ
          due to the absence of the instance above
          
          Hint: Type class instance resolution failures can be inspected with the `set_option trace.Meta.synthInstance true` command.
          /Users/pablogrossi/Desktop/AXLE/NonCommutativity_v4.lean:119:62: error(lean.synthInstanceFailed): failed to synthesize instance of type class
            LT ℤ
          
          Hint: Type class instance resolution failures can be inspected with the `set_option trace.Meta.synthInstance true` command.
          /Users/pablogrossi/Desktop/AXLE/NonCommutativity_v4.lean:119:66: error(lean.synthInstanceFailed): failed to synthesize instance of type class
            OfNat ℤ 0
          numerals are polymorphic in Lean, but the numeral `0` cannot be used in a context where the expected type is
            ℤ
          due to the absence of the instance above
          
          Hint: Type class instance resolution failures can be inspected with the `set_option trace.Meta.synthInstance true` command.
          /Users/pablogrossi/Desktop/AXLE/NonCommutativity_v4.lean:119:84: error(lean.synthInstanceFailed): failed to synthesize instance of type class
            OfNat ℤ 0
          numerals are polymorphic in Lean, but the numeral `0` cannot be used in a context where the expected type is
            ℤ
          due to the absence of the instance above
          
          Hint: Type class instance resolution failures can be inspected with the `set_option trace.Meta.synthInstance true` command.
          /Users/pablogrossi/Desktop/AXLE/NonCommutativity_v4.lean:119:48: error(lean.synthInstanceFailed): failed to synthesize instance of type class
            HSub ℤ Nat ℤ
          
          Hint: Type class instance resolution failures can be inspected with the `set_option trace.Meta.synthInstance true` command.
          /Users/pablogrossi/Desktop/AXLE/NonCommutativity_v4.lean:119:73: error(lean.synthInstanceFailed): failed to synthesize instance of type class
            HAdd ℤ Nat ℤ
          
          Hint: Type class instance resolution failures can be inspected with the `set_option trace.Meta.synthInstance true` command.
          /Users/pablogrossi/Desktop/AXLE/NonCommutativity_v4.lean:122:33: error(lean.synthInstanceFailed): failed to synthesize instance of type class
            HAdd ℤ Nat ℤ
          
          Hint: Type class instance resolution failures can be inspected with the `set_option trace.Meta.synthInstance true` command.
          /Users/pablogrossi/Desktop/AXLE/NonCommutativity_v4.lean:126:39: error(lean.synthInstanceFailed): failed to synthesize instance of type class
            OfNat ℤ 5
          numerals are polymorphic in Lean, but the numeral `5` cannot be used in a context where the expected type is
            ℤ
          due to the absence of the instance above
          
          Hint: Type class instance resolution failures can be inspected with the `set_option trace.Meta.synthInstance true` command.
          /Users/pablogrossi/Desktop/AXLE/NonCommutativity_v4.lean:126:46: error(lean.synthInstanceFailed): failed to synthesize instance of type class
            OfNat ℤ 0
          numerals are polymorphic in Lean, but the numeral `0` cannot be used in a context where the expected type is
            ℤ
          due to the absence of the instance above
          
          Hint: Type class instance resolution failures can be inspected with the `set_option trace.Meta.synthInstance true` command.
          /Users/pablogrossi/Desktop/AXLE/NonCommutativity_v4.lean:126:60: error(lean.synthInstanceFailed): failed to synthesize instance of type class
            OfNat ℤ 6
          numerals are polymorphic in Lean, but the numeral `6` cannot be used in a context where the expected type is
            ℤ
          due to the absence of the instance above
          
          Hint: Type class instance resolution failures can be inspected with the `set_option trace.Meta.synthInstance true` command.
          /Users/pablogrossi/Desktop/AXLE/NonCommutativity_v4.lean:126:67: error(lean.synthInstanceFailed): failed to synthesize instance of type class
            OfNat ℤ 0
          numerals are polymorphic in Lean, but the numeral `0` cannot be used in a context where the expected type is
            ℤ

  0 ok, 1 failed
[  12/ 280] /Users/pablogrossi/Desktop/AXLE/PrincipiaOrthogona_v2/to_delete/VolumeTwo_nijenhuis_levels_2026-08-26.lean
project:   /Users/pablogrossi/Desktop/geometry  (leanprover/lean4:v4.32.0)
mathlib:   leanprover/lean4:v4.32.0

  FAIL     1s  VolumeTwo_nijenhuis_levels_2026-08-26.lean  (17 errors)
          /Users/pablogrossi/Desktop/AXLE/PrincipiaOrthogona_v2/to_delete/VolumeTwo_nijenhuis_levels_2026-08-26.lean:47:21: error: Function expected at
            nijenhuisEval
          but this term has type
            ?m.12
          
          Note: Expected a function because this term is being applied to the argument
            X
          
          Hint: The identifier `nijenhuisEval` is unknown, and Lean's `autoImplicit` option causes an unknown identifier to be treated as an implicitly bound variable with an unknown type. However, the unknown type cannot be a function, and a function is what Lean expects here. This is often the result of a typo or a missing `import` or `open` statement.
          /Users/pablogrossi/Desktop/AXLE/PrincipiaOrthogona_v2/to_delete/VolumeTwo_nijenhuis_levels_2026-08-26.lean:48:8: error: Function expected at
            nijenhuisEval
          but this term has type
            ?m.12
          
          Note: Expected a function because this term is being applied to the argument
            X
          
          Hint: The identifier `nijenhuisEval` is unknown, and Lean's `autoImplicit` option causes an unknown identifier to be treated as an implicitly bound variable with an unknown type. However, the unknown type cannot be a function, and a function is what Lean expects here. This is often the result of a typo or a missing `import` or `open` statement.
          /Users/pablogrossi/Desktop/AXLE/PrincipiaOrthogona_v2/to_delete/VolumeTwo_nijenhuis_levels_2026-08-26.lean:49:2: error: unexpected token 'where'; expected command
          /Users/pablogrossi/Desktop/AXLE/PrincipiaOrthogona_v2/to_delete/VolumeTwo_nijenhuis_levels_2026-08-26.lean:56:33: error(lean.synthInstanceFailed): failed to synthesize instance of type class
            OfNat (Fin 2 → ?m.10) 0
          numerals are polymorphic in Lean, but the numeral `0` cannot be used in a context where the expected type is
            Fin 2 → ?m.10
          due to the absence of the instance above
          
          Hint: Type class instance resolution failures can be inspected with the `set_option trace.Meta.synthInstance true` command.
          /Users/pablogrossi/Desktop/AXLE/PrincipiaOrthogona_v2/to_delete/VolumeTwo_nijenhuis_levels_2026-08-26.lean:60:31: error(lean.synthInstanceFailed): failed to synthesize instance of type class
            OfNat ℝ 0
          numerals are polymorphic in Lean, but the numeral `0` cannot be used in a context where the expected type is
            ℝ
          due to the absence of the instance above
          
          Hint: Type class instance resolution failures can be inspected with the `set_option trace.Meta.synthInstance true` command.
          /Users/pablogrossi/Desktop/AXLE/PrincipiaOrthogona_v2/to_delete/VolumeTwo_nijenhuis_levels_2026-08-26.lean:60:40: error(lean.synthInstanceFailed): failed to synthesize instance of type class
            OfNat ℝ 0
          numerals are polymorphic in Lean, but the numeral `0` cannot be used in a context where the expected type is
            ℝ
          due to the absence of the instance above
          
          Hint: Type class instance resolution failures can be inspected with the `set_option trace.Meta.synthInstance true` command.
          /Users/pablogrossi/Desktop/AXLE/PrincipiaOrthogona_v2/to_delete/VolumeTwo_nijenhuis_levels_2026-08-26.lean:61:24: error(lean.synthInstanceFailed): failed to synthesize instance of type class
            OfNat (Fin 2 → ?m.31) 0
          numerals are polymorphic in Lean, but the numeral `0` cannot be used in a context where the expected type is
            Fin 2 → ?m.31
          due to the absence of the instance above
          
          Hint: Type class instance resolution failures can be inspected with the `set_option trace.Meta.synthInstance true` command.
          /Users/pablogrossi/Desktop/AXLE/PrincipiaOrthogona_v2/to_delete/VolumeTwo_nijenhuis_levels_2026-08-26.lean:72:45: error(lean.synthInstanceFailed): failed to synthesize instance of type class
            OfNat ℝ 0
          numerals are polymorphic in Lean, but the numeral `0` cannot be used in a context where the expected type is
            ℝ
          due to the absence of the instance above
          
          Hint: Type class instance resolution failures can be inspected with the `set_option trace.Meta.synthInstance true` command.
          /Users/pablogrossi/Desktop/AXLE/PrincipiaOrthogona_v2/to_delete/VolumeTwo_nijenhuis_levels_2026-08-26.lean:72:54: error(lean.synthInstanceFailed): failed to synthesize instance of type class
            OfNat ℝ 0
          numerals are polymorphic in Lean, but the numeral `0` cannot be used in a context where the expected type is
            ℝ
          due to the absence of the instance above
          
          Hint: Type class instance resolution failures can be inspected with the `set_option trace.Meta.synthInstance true` command.
          /Users/pablogrossi/Desktop/AXLE/PrincipiaOrthogona_v2/to_delete/VolumeTwo_nijenhuis_levels_2026-08-26.lean:73:25: error(lean.invalidField): Invalid field notation: Field projection operates on types of the form `C ...` where C is a constant. The expression
            N
          has type `NijenhuisTensorξ` which does not have the necessary form.
          /Users/pablogrossi/Desktop/AXLE/PrincipiaOrthogona_v2/to_delete/VolumeTwo_nijenhuis_levels_2026-08-26.lean:74:2: error(lean.invalidField): Invalid field notation: Field projection operates on types of the form `C ...` where C is a constant. The expression
            N
          has type `NijenhuisTensorξ` which does not have the necessary form.
          /Users/pablogrossi/Desktop/AXLE/PrincipiaOrthogona_v2/to_delete/VolumeTwo_nijenhuis_levels_2026-08-26.lean:90:55: error(lean.synthInstanceFailed): failed to synthesize instance of type class
            OfNat ℝ 0
          numerals are polymorphic in Lean, but the numeral `0` cannot be used in a context where the expected type is

  0 ok, 1 failed
[  13/ 280] /Users/pablogrossi/Desktop/AXLE/TripleAlphaDm3.lean
project:   /Users/pablogrossi/Desktop/geometry  (leanprover/lean4:v4.32.0)
mathlib:   leanprover/lean4:v4.32.0

  OK       1s  TripleAlphaDm3.lean
        audit: 12 declarations, all within the permitted three
        report: tools/verify-audit/2026-09-09/TripleAlphaDm3.axioms.txt

  1 ok, 0 failed
[  14/ 280] /Users/pablogrossi/Desktop/AXLE/gronwall_proof.lean
project:   /Users/pablogrossi/Desktop/geometry  (leanprover/lean4:v4.32.0)
mathlib:   leanprover/lean4:v4.32.0

  FAIL     3s  gronwall_proof.lean  (7 errors)
          /Users/pablogrossi/Desktop/AXLE/gronwall_proof.lean:29:34: error: unknown tactic
          /Users/pablogrossi/Desktop/AXLE/gronwall_proof.lean:22:18: error(lean.synthInstanceFailed): failed to synthesize instance of type class
            LT ℝ
          
          Hint: Type class instance resolution failures can be inspected with the `set_option trace.Meta.synthInstance true` command.
          /Users/pablogrossi/Desktop/AXLE/gronwall_proof.lean:23:5: error(lean.unknownIdentifier): Unknown identifier `canonicalTriple.mu_max`
          /Users/pablogrossi/Desktop/AXLE/gronwall_proof.lean:23:44: error(lean.unknownIdentifier): Unknown identifier `Real.pi`
          /Users/pablogrossi/Desktop/AXLE/gronwall_proof.lean:23:4: error(lean.synthInstanceFailed): failed to synthesize instance of type class
            LT ℝ
          
          Hint: Type class instance resolution failures can be inspected with the `set_option trace.Meta.synthInstance true` command.
          /Users/pablogrossi/Desktop/AXLE/gronwall_proof.lean:23:55: error(lean.synthInstanceFailed): failed to synthesize instance of type class
            OfNat ℝ 0
          numerals are polymorphic in Lean, but the numeral `0` cannot be used in a context where the expected type is
            ℝ
          due to the absence of the instance above
          
          Hint: Type class instance resolution failures can be inspected with the `set_option trace.Meta.synthInstance true` command.
          /Users/pablogrossi/Desktop/AXLE/gronwall_proof.lean:23:30: error(lean.synthInstanceFailed): failed to synthesize instance of type class
            HMul Nat ℝ ?m.18
          
          Hint: Type class instance resolution failures can be inspected with the `set_option trace.Meta.synthInstance true` command.

  0 ok, 1 failed
[  15/ 280] /Users/pablogrossi/Desktop/AXLE/lean/Gronwall.lean
project:   /Users/pablogrossi/Desktop/geometry  (leanprover/lean4:v4.32.0)
mathlib:   leanprover/lean4:v4.32.0

  FAIL     4s  Gronwall.lean  (7 errors)
          /Users/pablogrossi/Desktop/AXLE/lean/Gronwall.lean:29:34: error: unknown tactic
          /Users/pablogrossi/Desktop/AXLE/lean/Gronwall.lean:22:18: error(lean.synthInstanceFailed): failed to synthesize instance of type class
            LT ℝ
          
          Hint: Type class instance resolution failures can be inspected with the `set_option trace.Meta.synthInstance true` command.
          /Users/pablogrossi/Desktop/AXLE/lean/Gronwall.lean:23:5: error(lean.unknownIdentifier): Unknown identifier `canonicalTriple.mu_max`
          /Users/pablogrossi/Desktop/AXLE/lean/Gronwall.lean:23:44: error(lean.unknownIdentifier): Unknown identifier `Real.pi`
          /Users/pablogrossi/Desktop/AXLE/lean/Gronwall.lean:23:4: error(lean.synthInstanceFailed): failed to synthesize instance of type class
            LT ℝ
          
          Hint: Type class instance resolution failures can be inspected with the `set_option trace.Meta.synthInstance true` command.
          /Users/pablogrossi/Desktop/AXLE/lean/Gronwall.lean:23:55: error(lean.synthInstanceFailed): failed to synthesize instance of type class
            OfNat ℝ 0
          numerals are polymorphic in Lean, but the numeral `0` cannot be used in a context where the expected type is
            ℝ
          due to the absence of the instance above
          
          Hint: Type class instance resolution failures can be inspected with the `set_option trace.Meta.synthInstance true` command.
          /Users/pablogrossi/Desktop/AXLE/lean/Gronwall.lean:23:30: error(lean.synthInstanceFailed): failed to synthesize instance of type class
            HMul Nat ℝ ?m.18
          
          Hint: Type class instance resolution failures can be inspected with the `set_option trace.Meta.synthInstance true` command.

  0 ok, 1 failed
[  16/ 280] /Users/pablogrossi/Desktop/AXLE/lean/GronwallExtention.lean
project:   /Users/pablogrossi/Desktop/geometry  (leanprover/lean4:v4.32.0)
mathlib:   leanprover/lean4:v4.32.0

  FAIL     3s  GronwallExtention.lean  (3 errors)
          /Users/pablogrossi/Desktop/AXLE/lean/GronwallExtention.lean:1:45: error(lean.synthInstanceFailed): failed to synthesize instance of type class
            LT ℝ
          
          Hint: Type class instance resolution failures can be inspected with the `set_option trace.Meta.synthInstance true` command.
          /Users/pablogrossi/Desktop/AXLE/lean/GronwallExtention.lean:2:27: error: Function expected at
            dist
          but this term has type
            ?m.3
          
          Note: Expected a function because this term is being applied to the argument
            (returnMap deviation)
          
          Hint: The identifier `dist` is unknown, and Lean's `autoImplicit` option causes an unknown identifier to be treated as an implicitly bound variable with an unknown type. However, the unknown type cannot be a function, and a function is what Lean expects here. This is often the result of a typo or a missing `import` or `open` statement.
          /Users/pablogrossi/Desktop/AXLE/lean/GronwallExtention.lean:2:60: error: Function expected at
            dist
          but this term has type
            ?m.3
          
          Note: Expected a function because this term is being applied to the argument
            deviation
          
          Hint: The identifier `dist` is unknown, and Lean's `autoImplicit` option causes an unknown identifier to be treated as an implicitly bound variable with an unknown type. However, the unknown type cannot be a function, and a function is what Lean expects here. This is often the result of a typo or a missing `import` or `open` statement.

  0 ok, 1 failed
[  17/ 280] /Users/pablogrossi/Desktop/AXLE/lean/NonCommutativity_instance.lean
project:   /Users/pablogrossi/Desktop/geometry  (leanprover/lean4:v4.32.0)
mathlib:   leanprover/lean4:v4.32.0

  FAIL     1s  NonCommutativity_instance.lean  (7 errors)
          /Users/pablogrossi/Desktop/AXLE/lean/NonCommutativity_instance.lean:32:51: error: invalid {...} notation, expected type is not of the form (C ...)
            GenerativeManifold
          /Users/pablogrossi/Desktop/AXLE/lean/NonCommutativity_instance.lean:39:25: error: Function expected at
            CompressionOp
          but this term has type
            ?m.1
          
          Note: Expected a function because this term is being applied to the argument
            intManifold
          
          Hint: The identifier `CompressionOp` is unknown, and Lean's `autoImplicit` option causes an unknown identifier to be treated as an implicitly bound variable with an unknown type. However, the unknown type cannot be a function, and a function is what Lean expects here. This is often the result of a typo or a missing `import` or `open` statement.
          /Users/pablogrossi/Desktop/AXLE/lean/NonCommutativity_instance.lean:53:5: error: unknown tactic
          /Users/pablogrossi/Desktop/AXLE/lean/NonCommutativity_instance.lean:46:25: error: Function expected at
            CurvatureOp
          but this term has type
            ?m.1
          
          Note: Expected a function because this term is being applied to the argument
            intManifold
          
          Hint: The identifier `CurvatureOp` is unknown, and Lean's `autoImplicit` option causes an unknown identifier to be treated as an implicitly bound variable with an unknown type. However, the unknown type cannot be a function, and a function is what Lean expects here. This is often the result of a typo or a missing `import` or `open` statement.
          /Users/pablogrossi/Desktop/AXLE/lean/NonCommutativity_instance.lean:64:25: error: Function expected at
            FoldOp
          but this term has type
            ?m.1
          
          Note: Expected a function because this term is being applied to the argument
            intManifold
          
          Hint: The identifier `FoldOp` is unknown, and Lean's `autoImplicit` option causes an unknown identifier to be treated as an implicitly bound variable with an unknown type. However, the unknown type cannot be a function, and a function is what Lean expects here. This is often the result of a typo or a missing `import` or `open` statement.
          /Users/pablogrossi/Desktop/AXLE/lean/NonCommutativity_instance.lean:107:25: error: Function expected at
            UnfoldOp
          but this term has type
            ?m.1
          
          Note: Expected a function because this term is being applied to the argument
            intManifold
          
          Hint: The identifier `UnfoldOp` is unknown, and Lean's `autoImplicit` option causes an unknown identifier to be treated as an implicitly bound variable with an unknown type. However, the unknown type cannot be a function, and a function is what Lean expects here. This is often the result of a typo or a missing `import` or `open` statement.
          /Users/pablogrossi/Desktop/AXLE/lean/NonCommutativity_instance.lean:118:4: error: Function expected at
            GenerativeOp
          but this term has type
            ?m.1
          
          Note: Expected a function because this term is being applied to the argument
            intManifold
          
          Hint: The identifier `GenerativeOp` is unknown, and Lean's `autoImplicit` option causes an unknown identifier to be treated as an implicitly bound variable with an unknown type. However, the unknown type cannot be a function, and a function is what Lean expects here. This is often the result of a typo or a missing `import` or `open` statement.

  0 ok, 1 failed
[  18/ 280] /Users/pablogrossi/Desktop/AXLE/lean/dm3_euler_preservation.lean
project:   /Users/pablogrossi/Desktop/geometry  (leanprover/lean4:v4.32.0)
mathlib:   leanprover/lean4:v4.32.0

  FAIL     2s  dm3_euler_preservation.lean  (1 errors)
          /Users/pablogrossi/Desktop/AXLE/lean/dm3_euler_preservation.lean:4:31: error: expected token

  0 ok, 1 failed
[  19/ 280] /Users/pablogrossi/Desktop/AXLE/lean/dm3_volume_invariant.lean
project:   /Users/pablogrossi/Desktop/geometry  (leanprover/lean4:v4.32.0)
mathlib:   leanprover/lean4:v4.32.0

  FAIL     1s  dm3_volume_invariant.lean  (1 errors)
          /Users/pablogrossi/Desktop/AXLE/lean/dm3_volume_invariant.lean:3:30: error: expected token

  0 ok, 1 failed
[  20/ 280] /Users/pablogrossi/Desktop/AXLE/lean/gronwall_contraction_below_stability_radius.lean
project:   /Users/pablogrossi/Desktop/geometry  (leanprover/lean4:v4.32.0)
mathlib:   leanprover/lean4:v4.32.0

  FAIL     2s  gronwall_contraction_below_stability_radius.lean  (8 errors)
          /Users/pablogrossi/Desktop/AXLE/lean/gronwall_contraction_below_stability_radius.lean:7:3: error: unknown tactic
          /Users/pablogrossi/Desktop/AXLE/lean/gronwall_contraction_below_stability_radius.lean:2:18: error(lean.synthInstanceFailed): failed to synthesize instance of type class
            LT ℝ
          
          Hint: Type class instance resolution failures can be inspected with the `set_option trace.Meta.synthInstance true` command.
          /Users/pablogrossi/Desktop/AXLE/lean/gronwall_contraction_below_stability_radius.lean:3:5: error(lean.unknownIdentifier): Unknown identifier `canonicalTriple.mu_max`
          /Users/pablogrossi/Desktop/AXLE/lean/gronwall_contraction_below_stability_radius.lean:3:44: error(lean.unknownIdentifier): Unknown identifier `Real.pi`
          /Users/pablogrossi/Desktop/AXLE/lean/gronwall_contraction_below_stability_radius.lean:3:4: error(lean.synthInstanceFailed): failed to synthesize instance of type class
            LT ℝ
          
          Hint: Type class instance resolution failures can be inspected with the `set_option trace.Meta.synthInstance true` command.
          /Users/pablogrossi/Desktop/AXLE/lean/gronwall_contraction_below_stability_radius.lean:3:55: error(lean.synthInstanceFailed): failed to synthesize instance of type class
            OfNat ℝ 0
          numerals are polymorphic in Lean, but the numeral `0` cannot be used in a context where the expected type is
            ℝ
          due to the absence of the instance above
          
          Hint: Type class instance resolution failures can be inspected with the `set_option trace.Meta.synthInstance true` command.
          /Users/pablogrossi/Desktop/AXLE/lean/gronwall_contraction_below_stability_radius.lean:3:30: error(lean.synthInstanceFailed): failed to synthesize instance of type class
            HMul Nat ℝ ?m.18
          
          Hint: Type class instance resolution failures can be inspected with the `set_option trace.Meta.synthInstance true` command.
          /Users/pablogrossi/Desktop/AXLE/lean/gronwall_contraction_below_stability_radius.lean:5:12: error(lean.unknownIdentifier): Unknown identifier `canonicalTriple.mu_max`

  0 ok, 1 failed
[  21/ 280] /Users/pablogrossi/Desktop/AXLE/lean/gtct_t1.lean
project:   /Users/pablogrossi/Desktop/geometry  (leanprover/lean4:v4.32.0)
mathlib:   leanprover/lean4:v4.32.0

  FAIL     1s  gtct_t1.lean  (8 errors)
          /Users/pablogrossi/Desktop/AXLE/lean/gtct_t1.lean:3:9: error: Function expected at
            CompressionOp
          but this term has type
            ?m.2
          
          Note: Expected a function because this term is being applied to the argument
            M
          
          Hint: The identifier `CompressionOp` is unknown, and Lean's `autoImplicit` option causes an unknown identifier to be treated as an implicitly bound variable with an unknown type. However, the unknown type cannot be a function, and a function is what Lean expects here. This is often the result of a typo or a missing `import` or `open` statement.
          /Users/pablogrossi/Desktop/AXLE/lean/gtct_t1.lean:3:31: error: Function expected at
            CurvatureOp
          but this term has type
            ?m.3
          
          Note: Expected a function because this term is being applied to the argument
            M
          
          Hint: The identifier `CurvatureOp` is unknown, and Lean's `autoImplicit` option causes an unknown identifier to be treated as an implicitly bound variable with an unknown type. However, the unknown type cannot be a function, and a function is what Lean expects here. This is often the result of a typo or a missing `import` or `open` statement.
          /Users/pablogrossi/Desktop/AXLE/lean/gtct_t1.lean:4:9: error: Function expected at
            FoldOp
          but this term has type
            ?m.4
          
          Note: Expected a function because this term is being applied to the argument
            M
          
          Hint: The identifier `FoldOp` is unknown, and Lean's `autoImplicit` option causes an unknown identifier to be treated as an implicitly bound variable with an unknown type. However, the unknown type cannot be a function, and a function is what Lean expects here. This is often the result of a typo or a missing `import` or `open` statement.
          /Users/pablogrossi/Desktop/AXLE/lean/gtct_t1.lean:4:24: error: Function expected at
            UnfoldOp
          but this term has type
            ?m.5
          
          Note: Expected a function because this term is being applied to the argument
            M
          
          Hint: The identifier `UnfoldOp` is unknown, and Lean's `autoImplicit` option causes an unknown identifier to be treated as an implicitly bound variable with an unknown type. However, the unknown type cannot be a function, and a function is what Lean expects here. This is often the result of a typo or a missing `import` or `open` statement.
          /Users/pablogrossi/Desktop/AXLE/lean/gtct_t1.lean:5:9: error: Function expected at
            BinduState
          but this term has type
            ?m.6
          
          Note: Expected a function because this term is being applied to the argument
            M
          
          Hint: The identifier `BinduState` is unknown, and Lean's `autoImplicit` option causes an unknown identifier to be treated as an implicitly bound variable with an unknown type. However, the unknown type cannot be a function, and a function is what Lean expects here. This is often the result of a typo or a missing `import` or `open` statement.
          /Users/pablogrossi/Desktop/AXLE/lean/gtct_t1.lean:5:29: error: Function expected at
            IsStabilityComplete
          but this term has type
            ?m.7
          
          Note: Expected a function because this term is being applied to the argument
            b
          
          Hint: The identifier `IsStabilityComplete` is unknown, and Lean's `autoImplicit` option causes an unknown identifier to be treated as an implicitly bound variable with an unknown type. However, the unknown type cannot be a function, and a function is what Lean expects here. This is often the result of a typo or a missing `import` or `open` statement.
          /Users/pablogrossi/Desktop/AXLE/lean/gtct_t1.lean:6:4: error: Function expected at
            returnState
          but this term has type
            ?m.8
          
          Note: Expected a function because this term is being applied to the argument
            M
          
          Hint: The identifier `returnState` is unknown, and Lean's `autoImplicit` option causes an unknown identifier to be treated as an implicitly bound variable with an unknown type. However, the unknown type cannot be a function, and a function is what Lean expects here. This is often the result of a typo or a missing `import` or `open` statement.
          /Users/pablogrossi/Desktop/AXLE/lean/gtct_t1.lean:6:47: error: unsolved goals
          GenerativeManifold : Sort u_1
          x✝⁶ : Sort u_2
          CompressionOp : x✝⁶
          x✝⁵ : Sort u_3
          CurvatureOp : x✝⁵
          x✝⁴ : Sort u_4

  0 ok, 1 failed
[  22/ 280] /Users/pablogrossi/Desktop/AXLE/lean/regeneration_loop_invariant.lean
project:   /Users/pablogrossi/Desktop/geometry  (leanprover/lean4:v4.32.0)
mathlib:   leanprover/lean4:v4.32.0

  FAIL     2s  regeneration_loop_invariant.lean  (11 errors)
          /Users/pablogrossi/Desktop/AXLE/lean/regeneration_loop_invariant.lean:5:12: error(lean.invalidField): Invalid field notation: Field projection operates on types of the form `C ...` where C is a constant. The expression
            M
          has type `GenerativeManifold` which does not have the necessary form.
          /Users/pablogrossi/Desktop/AXLE/lean/regeneration_loop_invariant.lean:5:24: error(lean.invalidField): Invalid field notation: Field projection operates on types of the form `C ...` where C is a constant. The expression
            M
          has type `GenerativeManifold` which does not have the necessary form.
          /Users/pablogrossi/Desktop/AXLE/lean/regeneration_loop_invariant.lean:7:10: error(lean.invalidField): Invalid field notation: Field projection operates on types of the form `C ...` where C is a constant. The expression
            M
          has type `GenerativeManifold` which does not have the necessary form.
          /Users/pablogrossi/Desktop/AXLE/lean/regeneration_loop_invariant.lean:3:9: error: Function expected at
            CompressionOp
          but this term has type
            ?m.2
          
          Note: Expected a function because this term is being applied to the argument
            M
          
          Hint: The identifier `CompressionOp` is unknown, and Lean's `autoImplicit` option causes an unknown identifier to be treated as an implicitly bound variable with an unknown type. However, the unknown type cannot be a function, and a function is what Lean expects here. This is often the result of a typo or a missing `import` or `open` statement.
          /Users/pablogrossi/Desktop/AXLE/lean/regeneration_loop_invariant.lean:3:31: error: Function expected at
            CurvatureOp
          but this term has type
            ?m.3
          
          Note: Expected a function because this term is being applied to the argument
            M
          
          Hint: The identifier `CurvatureOp` is unknown, and Lean's `autoImplicit` option causes an unknown identifier to be treated as an implicitly bound variable with an unknown type. However, the unknown type cannot be a function, and a function is what Lean expects here. This is often the result of a typo or a missing `import` or `open` statement.
          /Users/pablogrossi/Desktop/AXLE/lean/regeneration_loop_invariant.lean:4:9: error: Function expected at
            FoldOp
          but this term has type
            ?m.4
          
          Note: Expected a function because this term is being applied to the argument
            M
          
          Hint: The identifier `FoldOp` is unknown, and Lean's `autoImplicit` option causes an unknown identifier to be treated as an implicitly bound variable with an unknown type. However, the unknown type cannot be a function, and a function is what Lean expects here. This is often the result of a typo or a missing `import` or `open` statement.
          /Users/pablogrossi/Desktop/AXLE/lean/regeneration_loop_invariant.lean:4:24: error: Function expected at
            UnfoldOp
          but this term has type
            ?m.5
          
          Note: Expected a function because this term is being applied to the argument
            M
          
          Hint: The identifier `UnfoldOp` is unknown, and Lean's `autoImplicit` option causes an unknown identifier to be treated as an implicitly bound variable with an unknown type. However, the unknown type cannot be a function, and a function is what Lean expects here. This is often the result of a typo or a missing `import` or `open` statement.
          /Users/pablogrossi/Desktop/AXLE/lean/regeneration_loop_invariant.lean:6:33: error: Function expected at
            GenerativeOp
          but this term has type
            ?m.6
          
          Note: Expected a function because this term is being applied to the argument
            M
          
          Hint: The identifier `GenerativeOp` is unknown, and Lean's `autoImplicit` option causes an unknown identifier to be treated as an implicitly bound variable with an unknown type. However, the unknown type cannot be a function, and a function is what Lean expects here. This is often the result of a typo or a missing `import` or `open` statement.
          /Users/pablogrossi/Desktop/AXLE/lean/regeneration_loop_invariant.lean:8:12: error: Function expected at
            GenerativeOp
          but this term has type
            ?m.6
          
          Note: Expected a function because this term is being applied to the argument
            M
          
          Hint: The identifier `GenerativeOp` is unknown, and Lean's `autoImplicit` option causes an unknown identifier to be treated as an implicitly bound variable with an unknown type. However, the unknown type cannot be a function, and a function is what Lean expects here. This is often the result of a typo or a missing `import` or `open` statement.
          /Users/pablogrossi/Desktop/AXLE/lean/regeneration_loop_invariant.lean:9:6: error: Function expected at
            GenerativeOp
          but this term has type
            ?m.6
          
          Note: Expected a function because this term is being applied to the argument
            M

  0 ok, 1 failed
[  23/ 280] /Users/pablogrossi/Desktop/AXLE/lean/separation_theorem.lean
project:   /Users/pablogrossi/Desktop/geometry  (leanprover/lean4:v4.32.0)
mathlib:   leanprover/lean4:v4.32.0

  FAIL     2s  separation_theorem.lean  (7 errors)
          /Users/pablogrossi/Desktop/AXLE/lean/separation_theorem.lean:6:50: error: unknown tactic
          /Users/pablogrossi/Desktop/AXLE/lean/separation_theorem.lean:1:41: error(lean.synthInstanceFailed): failed to synthesize instance of type class
            LT ℕ
          
          Hint: Type class instance resolution failures can be inspected with the `set_option trace.Meta.synthInstance true` command.
          /Users/pablogrossi/Desktop/AXLE/lean/separation_theorem.lean:1:45: error(lean.synthInstanceFailed): failed to synthesize instance of type class
            OfNat ℕ 33
          numerals are polymorphic in Lean, but the numeral `33` cannot be used in a context where the expected type is
            ℕ
          due to the absence of the instance above
          
          Hint: Type class instance resolution failures can be inspected with the `set_option trace.Meta.synthInstance true` command.
          /Users/pablogrossi/Desktop/AXLE/lean/separation_theorem.lean:2:9: error: Function expected at
            Matrix
          but this term has type
            ?m.2
          
          Note: Expected a function because this term is being applied to the argument
            (Fin n)
          
          Hint: The identifier `Matrix` is unknown, and Lean's `autoImplicit` option causes an unknown identifier to be treated as an implicitly bound variable with an unknown type. However, the unknown type cannot be a function, and a function is what Lean expects here. This is often the result of a typo or a missing `import` or `open` statement.
          /Users/pablogrossi/Desktop/AXLE/lean/separation_theorem.lean:2:41: error: Function expected at
            IsDm3Stable
          but this term has type
            ?m.3
          
          Note: Expected a function because this term is being applied to the argument
            M
          
          Hint: The identifier `IsDm3Stable` is unknown, and Lean's `autoImplicit` option causes an unknown identifier to be treated as an implicitly bound variable with an unknown type. However, the unknown type cannot be a function, and a function is what Lean expects here. This is often the result of a typo or a missing `import` or `open` statement.
          /Users/pablogrossi/Desktop/AXLE/lean/separation_theorem.lean:6:46: error: unsolved goals
          ℕ : Type u_1
          x✝¹ : Sort u_2
          Matrix : x✝¹
          x✝ : Sort u_3
          IsDm3Stable : x✝
          n : ℕ
          hn : sorry
          M : sorry
          hM : sorry
          ⊢ sorry = 1 + (sorry - 1)
          /Users/pablogrossi/Desktop/AXLE/lean/separation_theorem.lean:3:20: error: unsolved goals
          ℕ : Type u_1
          x✝¹ : Sort u_2
          Matrix : x✝¹
          x✝ : Sort u_3
          IsDm3Stable : x✝
          n : ℕ
          hn : sorry
          M : sorry
          hM : sorry
          h_dom : sorry = 1 + (sorry - 1)
          ⊢ sorry ≠ 33

  0 ok, 1 failed
[  24/ 280] skip (done today) /Users/pablogrossi/Desktop/geometry/NbonacciLadder.lean
[  25/ 280] /Users/pablogrossi/Desktop/geometry/PolarPolygonCommonRefinement.lean
project:   /Users/pablogrossi/Desktop/geometry  (leanprover/lean4:v4.32.0)
mathlib:   leanprover/lean4:v4.32.0

  OK       1s  PolarPolygonCommonRefinement.lean
        audit: 30 declarations, all within the permitted three
        report: tools/verify-audit/2026-09-09/PolarPolygonCommonRefinement.axioms.txt

  1 ok, 0 failed
[  26/ 280] /Users/pablogrossi/Desktop/geometry/PolarTriadClosure.lean
project:   /Users/pablogrossi/Desktop/geometry  (leanprover/lean4:v4.32.0)
mathlib:   leanprover/lean4:v4.32.0

  OK       1s  PolarTriadClosure.lean
        audit: 16 declarations, all within the permitted three
        report: tools/verify-audit/2026-09-09/PolarTriadClosure.axioms.txt

  1 ok, 0 failed
[  27/ 280] /Users/pablogrossi/Desktop/geometry/SpiralReturnObstruction.lean
project:   /Users/pablogrossi/Desktop/geometry  (leanprover/lean4:v4.32.0)
mathlib:   leanprover/lean4:v4.32.0

  OK       2s  SpiralReturnObstruction.lean
        audit: 10 declarations, all within the permitted three
        report: tools/verify-audit/2026-09-09/SpiralReturnObstruction.axioms.txt

  1 ok, 0 failed
[  28/ 280] skip (done today) /Users/pablogrossi/Desktop/geometry/TripleAlphaDm3.lean
[  29/ 280] /Users/pablogrossi/Desktop/GTCT/NonCommutativity_v4.lean
project:   /Users/pablogrossi/Desktop/geometry  (leanprover/lean4:v4.32.0)
mathlib:   leanprover/lean4:v4.32.0

  FAIL     1s  NonCommutativity_v4.lean  (77 errors)
          /Users/pablogrossi/Desktop/GTCT/NonCommutativity_v4.lean:116:31: error(lean.synthInstanceFailed): failed to synthesize instance of type class
            Neg ℤ
          
          Hint: Type class instance resolution failures can be inspected with the `set_option trace.Meta.synthInstance true` command.
          /Users/pablogrossi/Desktop/GTCT/NonCommutativity_v4.lean:119:37: error(lean.synthInstanceFailed): failed to synthesize instance of type class
            LT ℤ
          
          Hint: Type class instance resolution failures can be inspected with the `set_option trace.Meta.synthInstance true` command.
          /Users/pablogrossi/Desktop/GTCT/NonCommutativity_v4.lean:119:37: error(lean.synthInstanceFailed): failed to synthesize instance of type class
            OfNat ℤ 0
          numerals are polymorphic in Lean, but the numeral `0` cannot be used in a context where the expected type is
            ℤ
          due to the absence of the instance above
          
          Hint: Type class instance resolution failures can be inspected with the `set_option trace.Meta.synthInstance true` command.
          /Users/pablogrossi/Desktop/GTCT/NonCommutativity_v4.lean:119:62: error(lean.synthInstanceFailed): failed to synthesize instance of type class
            LT ℤ
          
          Hint: Type class instance resolution failures can be inspected with the `set_option trace.Meta.synthInstance true` command.
          /Users/pablogrossi/Desktop/GTCT/NonCommutativity_v4.lean:119:66: error(lean.synthInstanceFailed): failed to synthesize instance of type class
            OfNat ℤ 0
          numerals are polymorphic in Lean, but the numeral `0` cannot be used in a context where the expected type is
            ℤ
          due to the absence of the instance above
          
          Hint: Type class instance resolution failures can be inspected with the `set_option trace.Meta.synthInstance true` command.
          /Users/pablogrossi/Desktop/GTCT/NonCommutativity_v4.lean:119:84: error(lean.synthInstanceFailed): failed to synthesize instance of type class
            OfNat ℤ 0
          numerals are polymorphic in Lean, but the numeral `0` cannot be used in a context where the expected type is
            ℤ
          due to the absence of the instance above
          
          Hint: Type class instance resolution failures can be inspected with the `set_option trace.Meta.synthInstance true` command.
          /Users/pablogrossi/Desktop/GTCT/NonCommutativity_v4.lean:119:48: error(lean.synthInstanceFailed): failed to synthesize instance of type class
            HSub ℤ Nat ℤ
          
          Hint: Type class instance resolution failures can be inspected with the `set_option trace.Meta.synthInstance true` command.
          /Users/pablogrossi/Desktop/GTCT/NonCommutativity_v4.lean:119:73: error(lean.synthInstanceFailed): failed to synthesize instance of type class
            HAdd ℤ Nat ℤ
          
          Hint: Type class instance resolution failures can be inspected with the `set_option trace.Meta.synthInstance true` command.
          /Users/pablogrossi/Desktop/GTCT/NonCommutativity_v4.lean:122:33: error(lean.synthInstanceFailed): failed to synthesize instance of type class
            HAdd ℤ Nat ℤ
          
          Hint: Type class instance resolution failures can be inspected with the `set_option trace.Meta.synthInstance true` command.
          /Users/pablogrossi/Desktop/GTCT/NonCommutativity_v4.lean:126:39: error(lean.synthInstanceFailed): failed to synthesize instance of type class
            OfNat ℤ 5
          numerals are polymorphic in Lean, but the numeral `5` cannot be used in a context where the expected type is
            ℤ
          due to the absence of the instance above
          
          Hint: Type class instance resolution failures can be inspected with the `set_option trace.Meta.synthInstance true` command.
          /Users/pablogrossi/Desktop/GTCT/NonCommutativity_v4.lean:126:46: error(lean.synthInstanceFailed): failed to synthesize instance of type class
            OfNat ℤ 0
          numerals are polymorphic in Lean, but the numeral `0` cannot be used in a context where the expected type is
            ℤ
          due to the absence of the instance above
          
          Hint: Type class instance resolution failures can be inspected with the `set_option trace.Meta.synthInstance true` command.
          /Users/pablogrossi/Desktop/GTCT/NonCommutativity_v4.lean:126:60: error(lean.synthInstanceFailed): failed to synthesize instance of type class
            OfNat ℤ 6
          numerals are polymorphic in Lean, but the numeral `6` cannot be used in a context where the expected type is
            ℤ
          due to the absence of the instance above
          
          Hint: Type class instance resolution failures can be inspected with the `set_option trace.Meta.synthInstance true` command.
          /Users/pablogrossi/Desktop/GTCT/NonCommutativity_v4.lean:126:67: error(lean.synthInstanceFailed): failed to synthesize instance of type class
            OfNat ℤ 0
          numerals are polymorphic in Lean, but the numeral `0` cannot be used in a context where the expected type is
            ℤ

  0 ok, 1 failed
[  30/ 280] /Users/pablogrossi/Desktop/grossi-ops/g6/Orthogenesis/Geometry/Growth.lean
project:   /Users/pablogrossi/Desktop/geometry  (leanprover/lean4:v4.32.0)
mathlib:   leanprover/lean4:v4.32.0

  FAIL     1s  Growth.lean  (3 errors)
          /Users/pablogrossi/Desktop/grossi-ops/g6/Orthogenesis/Geometry/Growth.lean:3:10: error: Constructor field `g` of `Orthogenesis.GrowthParams.mk` contains universe level metavariables at the expression
            {ℝ : Sort ?u.4} → ℝ
          in its type
            {ℝ : Sort ?u.4} → ℝ
          /Users/pablogrossi/Desktop/grossi-ops/g6/Orthogenesis/Geometry/Growth.lean:11:2: error(lean.invalidField): Invalid field notation: Field projection operates on types of the form `C ...` where C is a constant. The expression
            P
          has type `GrowthParams` which does not have the necessary form.
          /Users/pablogrossi/Desktop/grossi-ops/g6/Orthogenesis/Geometry/Growth.lean:11:8: error: Type mismatch
            n
          has type
            ℕ
          but is expected to have type
            ℝ

  0 ok, 1 failed
[  31/ 280] /Users/pablogrossi/Desktop/grossi-ops/g6/Orthogenesis/Geometry/HexGrid.lean
project:   /Users/pablogrossi/Desktop/geometry  (leanprover/lean4:v4.32.0)
mathlib:   leanprover/lean4:v4.32.0

  FAIL     1s  HexGrid.lean  (18 errors)
          /Users/pablogrossi/Desktop/grossi-ops/g6/Orthogenesis/Geometry/HexGrid.lean:4:10: error: Constructor field `x` of `Orthogenesis.Vec2.mk` contains universe level metavariables at the expression
            {ℝ : Sort ?u.4} → ℝ
          in its type
            {ℝ : Sort ?u.4} → ℝ
          /Users/pablogrossi/Desktop/grossi-ops/g6/Orthogenesis/Geometry/HexGrid.lean:10:10: error: Constructor field `q` of `Orthogenesis.HexCoord.mk` contains universe level metavariables at the expression
            {ℤ : Sort ?u.4} → ℤ
          in its type
            {ℤ : Sort ?u.4} → ℤ
          /Users/pablogrossi/Desktop/grossi-ops/g6/Orthogenesis/Geometry/HexGrid.lean:17:4: error: Invalid `⟨...⟩` notation: The expected type `HexCoord` is not an inductive type
          
          Note: This notation can only be used when the expected type is an inductive type with a single constructor
          /Users/pablogrossi/Desktop/grossi-ops/g6/Orthogenesis/Geometry/HexGrid.lean:18:4: error: Invalid `⟨...⟩` notation: The expected type `HexCoord` is not an inductive type
          
          Note: This notation can only be used when the expected type is an inductive type with a single constructor
          /Users/pablogrossi/Desktop/grossi-ops/g6/Orthogenesis/Geometry/HexGrid.lean:19:4: error: Invalid `⟨...⟩` notation: The expected type `HexCoord` is not an inductive type
          
          Note: This notation can only be used when the expected type is an inductive type with a single constructor
          /Users/pablogrossi/Desktop/grossi-ops/g6/Orthogenesis/Geometry/HexGrid.lean:20:4: error: Invalid `⟨...⟩` notation: The expected type `HexCoord` is not an inductive type
          
          Note: This notation can only be used when the expected type is an inductive type with a single constructor
          /Users/pablogrossi/Desktop/grossi-ops/g6/Orthogenesis/Geometry/HexGrid.lean:21:4: error: Invalid `⟨...⟩` notation: The expected type `HexCoord` is not an inductive type
          
          Note: This notation can only be used when the expected type is an inductive type with a single constructor
          /Users/pablogrossi/Desktop/grossi-ops/g6/Orthogenesis/Geometry/HexGrid.lean:22:4: error: Invalid `⟨...⟩` notation: The expected type `HexCoord` is not an inductive type
          
          Note: This notation can only be used when the expected type is an inductive type with a single constructor
          /Users/pablogrossi/Desktop/grossi-ops/g6/Orthogenesis/Geometry/HexGrid.lean:26:10: error(lean.unknownIdentifier): Unknown identifier `ℝ`
          /Users/pablogrossi/Desktop/grossi-ops/g6/Orthogenesis/Geometry/HexGrid.lean:26:22: error(lean.unknownIdentifier): Unknown identifier `ℝ`
          /Users/pablogrossi/Desktop/grossi-ops/g6/Orthogenesis/Geometry/HexGrid.lean:26:16: error(lean.invalidField): Invalid field notation: Field projection operates on types of the form `C ...` where C is a constant. The expression
            h
          has type `HexCoord` which does not have the necessary form.
          /Users/pablogrossi/Desktop/grossi-ops/g6/Orthogenesis/Geometry/HexGrid.lean:26:34: error(lean.unknownIdentifier): Unknown identifier `ℝ`
          /Users/pablogrossi/Desktop/grossi-ops/g6/Orthogenesis/Geometry/HexGrid.lean:26:28: error(lean.invalidField): Invalid field notation: Field projection operates on types of the form `C ...` where C is a constant. The expression
            h
          has type `HexCoord` which does not have the necessary form.
          /Users/pablogrossi/Desktop/grossi-ops/g6/Orthogenesis/Geometry/HexGrid.lean:27:10: error(lean.unknownIdentifier): Unknown identifier `ℝ`
          /Users/pablogrossi/Desktop/grossi-ops/g6/Orthogenesis/Geometry/HexGrid.lean:27:16: error(lean.unknownIdentifier): Unknown identifier `Real.sqrt`
          /Users/pablogrossi/Desktop/grossi-ops/g6/Orthogenesis/Geometry/HexGrid.lean:27:42: error(lean.unknownIdentifier): Unknown identifier `ℝ`
          /Users/pablogrossi/Desktop/grossi-ops/g6/Orthogenesis/Geometry/HexGrid.lean:27:36: error(lean.invalidField): Invalid field notation: Field projection operates on types of the form `C ...` where C is a constant. The expression
            h
          has type `HexCoord` which does not have the necessary form.
          /Users/pablogrossi/Desktop/grossi-ops/g6/Orthogenesis/Geometry/HexGrid.lean:28:2: error: Invalid `⟨...⟩` notation: The expected type `Vec2` is not an inductive type
          
          Note: This notation can only be used when the expected type is an inductive type with a single constructor

  0 ok, 1 failed
[  32/ 280] /Users/pablogrossi/Desktop/AXLE/AXLE.lean
project:   /Users/pablogrossi/Desktop/geometry  (leanprover/lean4:v4.32.0)
mathlib:   leanprover/lean4:v4.32.0

  FAIL     1s  AXLE.lean  (1 errors)
          /Users/pablogrossi/Desktop/AXLE/AXLE.lean:35:0: error: unknown module prefix 'finite'
          
          No directory 'finite' or file 'finite.olean' in the search path entries:
          /Users/pablogrossi/Desktop/geometry/.lake/packages/Cli/.lake/build/lib/lean
          /Users/pablogrossi/Desktop/geometry/.lake/packages/batteries/.lake/build/lib/lean
          /Users/pablogrossi/Desktop/geometry/.lake/packages/Qq/.lake/build/lib/lean
          /Users/pablogrossi/Desktop/geometry/.lake/packages/aesop/.lake/build/lib/lean
          /Users/pablogrossi/Desktop/geometry/.lake/packages/proofwidgets/.lake/build/lib/lean
          /Users/pablogrossi/Desktop/geometry/.lake/packages/importGraph/.lake/build/lib/lean
          /Users/pablogrossi/Desktop/geometry/.lake/packages/LeanSearchClient/.lake/build/lib/lean
          /Users/pablogrossi/Desktop/geometry/.lake/packages/plausible/.lake/build/lib/lean
          /Users/pablogrossi/Desktop/geometry/.lake/packages/mathlib/.lake/build/lib/lean
          /Users/pablogrossi/Desktop/geometry/.lake/build/lib/lean
          /Users/pablogrossi/.elan/toolchains/leanprover--lean4---v4.32.0/lib/lean
          /Users/pablogrossi/.elan/toolchains/leanprover--lean4---v4.32.0/lib/lean

  0 ok, 1 failed
[  33/ 280] /Users/pablogrossi/Desktop/AXLE/AXLE_v5_1.lean
project:   /Users/pablogrossi/Desktop/geometry  (leanprover/lean4:v4.32.0)
mathlib:   leanprover/lean4:v4.32.0

  FAIL    47s  AXLE_v5_1.lean  (62 errors)
          /Users/pablogrossi/Desktop/AXLE/AXLE_v5_1.lean:36:4: error(lean.unknownIdentifier): Unknown constant `Ordinal.sup`
          /Users/pablogrossi/Desktop/AXLE/AXLE_v5_1.lean:47:43: error(lean.unknownIdentifier): Unknown constant `Ordinal.IsLimit`
          /Users/pablogrossi/Desktop/AXLE/AXLE_v5_1.lean:64:4: error(lean.unknownIdentifier): Unknown constant `Ordinal.IsLimit`
          /Users/pablogrossi/Desktop/AXLE/AXLE_v5_1.lean:66:2: error: No goals to be solved
          /Users/pablogrossi/Desktop/AXLE/AXLE_v5_1.lean:83:12: error(lean.synthInstanceFailed): failed to synthesize instance of type class
            HAdd Ordinal.{u_1} (Ordinal.{?u.14} ↪o Ordinal.{?u.14}) ?m.10
          
          Hint: Type class instance resolution failures can be inspected with the `set_option trace.Meta.synthInstance true` command.
          /Users/pablogrossi/Desktop/AXLE/AXLE_v5_1.lean:84:13: error(lean.unknownIdentifier): Unknown constant `Ordinal.lt_add_of_pos_right`
          /Users/pablogrossi/Desktop/AXLE/AXLE_v5_1.lean:85:13: error(lean.unknownIdentifier): Unknown constant `Ordinal.IsLimit.add_right`
          /Users/pablogrossi/Desktop/AXLE/AXLE_v5_1.lean:90:24: error(lean.unknownIdentifier): Unknown constant `Ordinal.IsLimit`
          /Users/pablogrossi/Desktop/AXLE/AXLE_v5_1.lean:91:27: error: Type mismatch
            α.card.ord
          has type
            Ordinal.{?u.7}
          but is expected to have type
            Ordinal.{?u.7} ↪o Ordinal.{?u.7}
          /Users/pablogrossi/Desktop/AXLE/AXLE_v5_1.lean:93:4: error(lean.unknownIdentifier): Unknown constant `Ordinal.sup`
          /Users/pablogrossi/Desktop/AXLE/AXLE_v5_1.lean:94:8: error(lean.unknownIdentifier): Unknown constant `Ordinal.sup_lt_ord`
          /Users/pablogrossi/Desktop/AXLE/AXLE_v5_1.lean:95:2: error: No goals to be solved
          /Users/pablogrossi/Desktop/AXLE/AXLE_v5_1.lean:183:4: error: Type mismatch
            (pickAbove_spec C α hC (chain C α hC hα0 k) (chain_bound C α hC hα0 k)).left
          has type
            pickAbove C α hC (chain C α hC hα0 k) ⋯ ∈ C
          but is expected to have type
            ↑((chainStep C α hC)^[k] (chainStep C α hC ⟨pickAbove C α hC 0 hα0, ⋯⟩)) ∈ C
          /Users/pablogrossi/Desktop/AXLE/AXLE_v5_1.lean:179:29: warning: This simp argument is unused:
            chainStep
          
          Hint: Omit it from the simp argument list.
            simp [chain, buildChain,̵ ̵c̵h̵a̵i̵n̵S̵t̵e̵p̵]
          
          Note: This linter can be disabled with `set_option linter.unusedSimpArgs false`
          /Users/pablogrossi/Desktop/AXLE/AXLE_v5_1.lean:182:29: warning: This simp argument is unused:
            Function.iterate_succ'
          --
          /Users/pablogrossi/Desktop/AXLE/AXLE_v5_1.lean:196:4: error: Type mismatch
            (pickAbove_spec C α hC (chain C α hC hα0 ?m.28) (chain_bound C α hC hα0 ?m.28)).right.left
          has type
            chain C α hC hα0 ?m.28 < pickAbove C α hC (chain C α hC hα0 ?m.28) ⋯
          but is expected to have type
            (chainStep C α hC)^[m] ⟨pickAbove C α hC 0 hα0, ⋯⟩ <
              (chainStep C α hC)^[m] (chainStep C α hC ⟨pickAbove C α hC 0 hα0, ⋯⟩)
          /Users/pablogrossi/Desktop/AXLE/AXLE_v5_1.lean:197:2: error: Too many variable names provided at alternative `step`: 4 provided, but 3 expected
          /Users/pablogrossi/Desktop/AXLE/AXLE_v5_1.lean:200:32: error(lean.unknownIdentifier): Unknown identifier `ih`
          /Users/pablogrossi/Desktop/AXLE/AXLE_v5_1.lean:203:12: error: Type mismatch
            (pickAbove_spec C α hC (chain C α hC hα0 p) (chain_bound C α hC hα0 p)).right.left
          has type
            chain C α hC hα0 p < pickAbove C α hC (chain C α hC hα0 p) ⋯
          but is expected to have type
            (chainStep C α hC)^[p] ⟨pickAbove C α hC 0 hα0, ⋯⟩ <
              (chainStep C α hC)^[p] (chainStep C α hC ⟨pickAbove C α hC 0 hα0, ⋯⟩)
          /Users/pablogrossi/Desktop/AXLE/AXLE_v5_1.lean:195:29: warning: This simp argument is unused:
            Function.iterate_succ'
          
          Hint: Omit it from the simp argument list.
            simp [chain, buildChain, F̵u̵n̵c̵t̵i̵o̵n̵.̵i̵t̵e̵r̵a̵t̵e̵_̵s̵u̵c̵c̵'̵,̵ ̵Function.comp]
          
          Note: This linter can be disabled with `set_option linter.unusedSimpArgs false`
          /Users/pablogrossi/Desktop/AXLE/AXLE_v5_1.lean:202:37: warning: This simp argument is unused:
          --
          /Users/pablogrossi/Desktop/AXLE/AXLE_v5_1.lean:207:24: error(lean.unknownIdentifier): Unknown constant `Ordinal.IsLimit`
          /Users/pablogrossi/Desktop/AXLE/AXLE_v5_1.lean:208:27: error: Type mismatch
            α.card.ord
          has type
            Ordinal.{?u.7}
          but is expected to have type
            Ordinal.{?u.7} ↪o Ordinal.{?u.7}
          /Users/pablogrossi/Desktop/AXLE/AXLE_v5_1.lean:219:11: error(lean.unknownIdentifier): Unknown constant `Ordinal.sup`
          /Users/pablogrossi/Desktop/AXLE/AXLE_v5_1.lean:209:50: error: unsolved goals

  0 ok, 1 failed
[  34/ 280] /Users/pablogrossi/Desktop/AXLE/AXLE_v6.lean
project:   /Users/pablogrossi/Desktop/geometry  (leanprover/lean4:v4.32.0)
mathlib:   leanprover/lean4:v4.32.0

  FAIL     5s  AXLE_v6.lean  (1 errors)
          /Users/pablogrossi/Desktop/AXLE/AXLE_v6.lean:95:0: error: object file '/Users/pablogrossi/Desktop/geometry/.lake/packages/mathlib/.lake/build/lib/lean/Mathlib/Order/Ordinal/Basic.olean' of module Mathlib.Order.Ordinal.Basic does not exist

  0 ok, 1 failed
[  35/ 280] /Users/pablogrossi/Desktop/AXLE/Autophagy/AutophagyDm3_v2.lean
project:   /Users/pablogrossi/Desktop/geometry  (leanprover/lean4:v4.32.0)
mathlib:   leanprover/lean4:v4.32.0

  FAIL     4s  AutophagyDm3_v2.lean  (1 errors)
          /Users/pablogrossi/Desktop/AXLE/Autophagy/AutophagyDm3_v2.lean:2:0: error: object file '/Users/pablogrossi/Desktop/geometry/.lake/packages/mathlib/.lake/build/lib/lean/Mathlib/Topology/Instances/Real.olean' of module Mathlib.Topology.Instances.Real does not exist

  0 ok, 1 failed
[  36/ 280] /Users/pablogrossi/Desktop/AXLE/AutophagyDm3.lean
project:   /Users/pablogrossi/Desktop/geometry  (leanprover/lean4:v4.32.0)
mathlib:   leanprover/lean4:v4.32.0

  FAIL     2s  AutophagyDm3.lean  (1 errors)
          /Users/pablogrossi/Desktop/AXLE/AutophagyDm3.lean:59:0: error: invalid 'import' command, it must be used in the beginning of the file

  0 ok, 1 failed
[  37/ 280] /Users/pablogrossi/Desktop/AXLE/AutophagyDm3_v2.lean
project:   /Users/pablogrossi/Desktop/geometry  (leanprover/lean4:v4.32.0)
mathlib:   leanprover/lean4:v4.32.0

  FAIL     4s  AutophagyDm3_v2.lean  (1 errors)
          /Users/pablogrossi/Desktop/AXLE/AutophagyDm3_v2.lean:2:0: error: object file '/Users/pablogrossi/Desktop/geometry/.lake/packages/mathlib/.lake/build/lib/lean/Mathlib/Topology/Instances/Real.olean' of module Mathlib.Topology.Instances.Real does not exist

  0 ok, 1 failed
[  38/ 280] /Users/pablogrossi/Desktop/AXLE/BioPhysics/MultiAgentTogt.lean
project:   /Users/pablogrossi/Desktop/geometry  (leanprover/lean4:v4.32.0)
mathlib:   leanprover/lean4:v4.32.0

  FAIL     3s  MultiAgentTogt.lean  (1 errors)
          /Users/pablogrossi/Desktop/AXLE/BioPhysics/MultiAgentTogt.lean:46:0: error: object file '/Users/pablogrossi/Desktop/geometry/.lake/packages/mathlib/.lake/build/lib/lean/Mathlib/Tactic/Norm_num.olean' of module Mathlib.Tactic.Norm_num does not exist

  0 ok, 1 failed
[  39/ 280] /Users/pablogrossi/Desktop/AXLE/CatGT/1finite.lean
project:   /Users/pablogrossi/Desktop/geometry  (leanprover/lean4:v4.32.0)
mathlib:   leanprover/lean4:v4.32.0

  FAIL     2s  1finite.lean  (1 errors)
          /Users/pablogrossi/Desktop/AXLE/CatGT/1finite.lean:4:0: error: object file '/Users/pablogrossi/Desktop/geometry/.lake/packages/mathlib/.lake/build/lib/lean/Mathlib/MeasureTheory/Measure/Lebesgue.olean' of module Mathlib.MeasureTheory.Measure.Lebesgue does not exist

  0 ok, 1 failed
[  40/ 280] /Users/pablogrossi/Desktop/AXLE/CatGT/AXLE.lean
project:   /Users/pablogrossi/Desktop/geometry  (leanprover/lean4:v4.32.0)
mathlib:   leanprover/lean4:v4.32.0

  FAIL     2s  AXLE.lean  (1 errors)
          /Users/pablogrossi/Desktop/AXLE/CatGT/AXLE.lean:21:0: error: object file '/Users/pablogrossi/Desktop/geometry/.lake/packages/mathlib/.lake/build/lib/lean/Mathlib/Order/Ordinal/Basic.olean' of module Mathlib.Order.Ordinal.Basic does not exist

  0 ok, 1 failed
[  41/ 280] /Users/pablogrossi/Desktop/AXLE/CatGT/AXLE8.lean
project:   /Users/pablogrossi/Desktop/geometry  (leanprover/lean4:v4.32.0)
mathlib:   leanprover/lean4:v4.32.0

  FAIL     1s  AXLE8.lean  (1 errors)
          /Users/pablogrossi/Desktop/AXLE/CatGT/AXLE8.lean:8:0: error: object file '/Users/pablogrossi/Desktop/geometry/.lake/packages/mathlib/.lake/build/lib/lean/Mathlib/Order/Ordinal/Basic.olean' of module Mathlib.Order.Ordinal.Basic does not exist

  0 ok, 1 failed
[  42/ 280] /Users/pablogrossi/Desktop/AXLE/CatGT/Criticality_Principle.lean
project:   /Users/pablogrossi/Desktop/geometry  (leanprover/lean4:v4.32.0)
mathlib:   leanprover/lean4:v4.32.0

  FAIL     1s  Criticality_Principle.lean  (1 errors)
          /Users/pablogrossi/Desktop/AXLE/CatGT/Criticality_Principle.lean:1:0: error: unknown module prefix 'GTCT'
          
          No directory 'GTCT' or file 'GTCT.olean' in the search path entries:
          /Users/pablogrossi/Desktop/geometry/.lake/packages/Cli/.lake/build/lib/lean
          /Users/pablogrossi/Desktop/geometry/.lake/packages/batteries/.lake/build/lib/lean
          /Users/pablogrossi/Desktop/geometry/.lake/packages/Qq/.lake/build/lib/lean
          /Users/pablogrossi/Desktop/geometry/.lake/packages/aesop/.lake/build/lib/lean
          /Users/pablogrossi/Desktop/geometry/.lake/packages/proofwidgets/.lake/build/lib/lean
          /Users/pablogrossi/Desktop/geometry/.lake/packages/importGraph/.lake/build/lib/lean
          /Users/pablogrossi/Desktop/geometry/.lake/packages/LeanSearchClient/.lake/build/lib/lean
          /Users/pablogrossi/Desktop/geometry/.lake/packages/plausible/.lake/build/lib/lean
          /Users/pablogrossi/Desktop/geometry/.lake/packages/mathlib/.lake/build/lib/lean
          /Users/pablogrossi/Desktop/geometry/.lake/build/lib/lean
          /Users/pablogrossi/.elan/toolchains/leanprover--lean4---v4.32.0/lib/lean
          /Users/pablogrossi/.elan/toolchains/leanprover--lean4---v4.32.0/lib/lean

  0 ok, 1 failed
[  43/ 280] /Users/pablogrossi/Desktop/AXLE/CatGT/D6.lean
project:   /Users/pablogrossi/Desktop/geometry  (leanprover/lean4:v4.32.0)
mathlib:   leanprover/lean4:v4.32.0

  FAIL     2s  D6.lean  (1 errors)
          /Users/pablogrossi/Desktop/AXLE/CatGT/D6.lean:6:0: error: object file '/Users/pablogrossi/Desktop/geometry/.lake/packages/mathlib/.lake/build/lib/lean/Mathlib/LinearAlgebra/Matrix/Basic.olean' of module Mathlib.LinearAlgebra.Matrix.Basic does not exist

  0 ok, 1 failed
[  44/ 280] /Users/pablogrossi/Desktop/AXLE/CatGT/DustyPlasma.lean
project:   /Users/pablogrossi/Desktop/geometry  (leanprover/lean4:v4.32.0)
mathlib:   leanprover/lean4:v4.32.0

  FAIL    60s  DustyPlasma.lean  (6 errors)
          /Users/pablogrossi/Desktop/AXLE/CatGT/DustyPlasma.lean:117:23: error: Application type mismatch: The argument
            hS
          has type
            lundquist s₁ ≤ lundquist s₂
          but is expected to have type
            lundquist s₁ ≤ 1
          in the application
            rpow_le_rpow_of_exponent_ge (lundquist_pos s₁) hS
          /Users/pablogrossi/Desktop/AXLE/CatGT/DustyPlasma.lean:116:2: error: Tactic `apply` failed: could not unify the conclusion of `rpow_le_rpow_of_exponent_ge (lundquist_pos s₁) sorry`
            lundquist s₁ ^ ?m.8 ≤ lundquist s₁ ^ ?m.9
          with the goal
            lundquist s₂ ^ (-(1 / 2)) ≤ lundquist s₁ ^ (-(1 / 2))
          
          Note: The full type of `rpow_le_rpow_of_exponent_ge (lundquist_pos s₁) sorry` is
            ?m.9 ≤ ?m.8 → lundquist s₁ ^ ?m.8 ≤ lundquist s₁ ^ ?m.9
          
          s₁ s₂ : MHDSheet
          hS : lundquist s₁ ≤ lundquist s₂
          ⊢ lundquist s₂ ^ (-(1 / 2)) ≤ lundquist s₁ ^ (-(1 / 2))
          /Users/pablogrossi/Desktop/AXLE/CatGT/DustyPlasma.lean:193:23: error: Application type mismatch: The argument
            hS
          has type
            lundquist s₁ ≤ lundquist s₂
          but is expected to have type
            lundquist s₁ ≤ 1
          in the application
            rpow_le_rpow_of_exponent_ge (lundquist_pos s₁) hS
          /Users/pablogrossi/Desktop/AXLE/CatGT/DustyPlasma.lean:192:2: error: Tactic `apply` failed: could not unify the conclusion of `rpow_le_rpow_of_exponent_ge (lundquist_pos s₁) sorry`
            lundquist s₁ ^ ?m.23 ≤ lundquist s₁ ^ ?m.24
          with the goal
            lundquist s₂ ^ (-(1 / 2)) ≤ lundquist s₁ ^ (-(1 / 2))
          
          Note: The full type of `rpow_le_rpow_of_exponent_ge (lundquist_pos s₁) sorry` is
            ?m.24 ≤ ?m.23 → lundquist s₁ ^ ?m.23 ≤ lundquist s₁ ^ ?m.24
          
          s₁ s₂ : MHDSheet
          hL : s₁.L = s₂.L
          hS : lundquist s₁ ≤ lundquist s₂
          ⊢ lundquist s₂ ^ (-(1 / 2)) ≤ lundquist s₁ ^ (-(1 / 2))
          /Users/pablogrossi/Desktop/AXLE/CatGT/DustyPlasma.lean:289:6: error: unexpected token 'λ'; expected ')'
          /Users/pablogrossi/Desktop/AXLE/CatGT/DustyPlasma.lean:309:20: warning: Variable name `h` is not explicitly referenced.
          
          The binding can be removed (if unused) or named `_` (if used implicitly).
          
          Note: This linter can be disabled with `set_option linter.unusedVariables false`
          lundquist_pos : ∀ (s : MHDSheet), 0 < lundquist s
          sweetparker_rate_pos : ∀ (s : MHDSheet), 0 < sweetParkerRate s
          sweetparker_rate_antitone : ∀ (s₁ s₂ : MHDSheet), lundquist s₁ ≤ lundquist s₂ → sweetParkerRate s₂ ≤ sweetParkerRate s₁
          plasmoid_threshold_pos : 0 < Sc
          plasma_r_star_pos : ∀ (s : MHDSheet), 0 < plasmaAttractorRadius s
          plasma_r_star_antitone : ∀ (s₁ s₂ : MHDSheet),
            s₁.L = s₂.L → lundquist s₁ ≤ lundquist s₂ → plasmaAttractorRadius s₂ ≤ plasmaAttractorRadius s₁
          /Users/pablogrossi/Desktop/AXLE/CatGT/DustyPlasma.lean:359:8: error(lean.unknownIdentifier): Unknown identifier `coherence_bridge_identity`
          reconnection_rate_bounded : 0 < fastReconnectionRate ∧ fastReconnectionRate ≤ 1

  0 ok, 1 failed
[  45/ 280] /Users/pablogrossi/Desktop/AXLE/CatGT/G6.lean
project:   /Users/pablogrossi/Desktop/geometry  (leanprover/lean4:v4.32.0)
mathlib:   leanprover/lean4:v4.32.0

  FAIL     6s  G6.lean  (1 errors)
          /Users/pablogrossi/Desktop/AXLE/CatGT/G6.lean:6:0: error: object file '/Users/pablogrossi/Desktop/geometry/.lake/packages/mathlib/.lake/build/lib/lean/Mathlib/LinearAlgebra/Matrix/Basic.olean' of module Mathlib.LinearAlgebra.Matrix.Basic does not exist

  0 ok, 1 failed
[  46/ 280] /Users/pablogrossi/Desktop/AXLE/CatGT/G6Conjecture.lean
project:   /Users/pablogrossi/Desktop/geometry  (leanprover/lean4:v4.32.0)
mathlib:   leanprover/lean4:v4.32.0

  FAIL     1s  G6Conjecture.lean  (1 errors)
          /Users/pablogrossi/Desktop/AXLE/CatGT/G6Conjecture.lean:41:0: error: object file '/Users/pablogrossi/Desktop/geometry/.lake/packages/mathlib/.lake/build/lib/lean/Mathlib/Algebra/BigOperators/Basic.olean' of module Mathlib.Algebra.BigOperators.Basic does not exist

  0 ok, 1 failed
[  47/ 280] /Users/pablogrossi/Desktop/AXLE/CatGT/MahloClosure.lean
project:   /Users/pablogrossi/Desktop/geometry  (leanprover/lean4:v4.32.0)
mathlib:   leanprover/lean4:v4.32.0

  FAIL     2s  MahloClosure.lean  (1 errors)
          /Users/pablogrossi/Desktop/AXLE/CatGT/MahloClosure.lean:6:0: error: object file '/Users/pablogrossi/Desktop/geometry/.lake/packages/mathlib/.lake/build/lib/lean/Mathlib/SetTheory/ClubFilter/Basic.olean' of module Mathlib.SetTheory.ClubFilter.Basic does not exist

  0 ok, 1 failed
[  48/ 280] /Users/pablogrossi/Desktop/AXLE/CatGT/Main.lean
project:   /Users/pablogrossi/Desktop/geometry  (leanprover/lean4:v4.32.0)
mathlib:   leanprover/lean4:v4.32.0

  FAIL    51s  Main.lean  (59 errors)
          /Users/pablogrossi/Desktop/AXLE/CatGT/Main.lean:35:4: error(lean.unknownIdentifier): Unknown constant `Ordinal.sup`
          /Users/pablogrossi/Desktop/AXLE/CatGT/Main.lean:46:43: error(lean.unknownIdentifier): Unknown constant `Ordinal.IsLimit`
          /Users/pablogrossi/Desktop/AXLE/CatGT/Main.lean:63:4: error(lean.unknownIdentifier): Unknown constant `Ordinal.IsLimit`
          /Users/pablogrossi/Desktop/AXLE/CatGT/Main.lean:65:2: error: No goals to be solved
          /Users/pablogrossi/Desktop/AXLE/CatGT/Main.lean:80:12: error(lean.synthInstanceFailed): failed to synthesize instance of type class
            HAdd Ordinal.{u_1} (Ordinal.{?u.14} ↪o Ordinal.{?u.14}) ?m.10
          
          Hint: Type class instance resolution failures can be inspected with the `set_option trace.Meta.synthInstance true` command.
          /Users/pablogrossi/Desktop/AXLE/CatGT/Main.lean:81:13: error(lean.unknownIdentifier): Unknown constant `Ordinal.lt_add_of_pos_right`
          /Users/pablogrossi/Desktop/AXLE/CatGT/Main.lean:82:13: error(lean.unknownIdentifier): Unknown constant `Ordinal.IsLimit.add_right`
          /Users/pablogrossi/Desktop/AXLE/CatGT/Main.lean:88:24: error(lean.unknownIdentifier): Unknown constant `Ordinal.IsLimit`
          /Users/pablogrossi/Desktop/AXLE/CatGT/Main.lean:89:27: error: Type mismatch
            α.card.ord
          has type
            Ordinal.{?u.7}
          but is expected to have type
            Ordinal.{?u.7} ↪o Ordinal.{?u.7}
          /Users/pablogrossi/Desktop/AXLE/CatGT/Main.lean:91:4: error(lean.unknownIdentifier): Unknown constant `Ordinal.sup`
          /Users/pablogrossi/Desktop/AXLE/CatGT/Main.lean:92:8: error(lean.unknownIdentifier): Unknown constant `Ordinal.sup_lt_ord`
          /Users/pablogrossi/Desktop/AXLE/CatGT/Main.lean:93:2: error: No goals to be solved
          /Users/pablogrossi/Desktop/AXLE/CatGT/Main.lean:109:24: error(lean.unknownIdentifier): Unknown constant `Ordinal.IsLimit`
          /Users/pablogrossi/Desktop/AXLE/CatGT/Main.lean:110:27: error: Type mismatch
            α.card.ord
          has type
            Ordinal.{?u.7}
          but is expected to have type
            Ordinal.{?u.7} ↪o Ordinal.{?u.7}
          /Users/pablogrossi/Desktop/AXLE/CatGT/Main.lean:125:6: error: Application type mismatch: The argument
            (Classical.choose_spec (step (if k = 0 then 0 else sk) ?m.103)).left
          has type
            Classical.choose ⋯ < α
          but is expected to have type
            sk < α
          in the application
            step sk (Classical.choose_spec (step (if k = 0 then 0 else sk) ?m.103)).left
          /Users/pablogrossi/Desktop/AXLE/CatGT/Main.lean:130:22: error: Type mismatch
            (Classical.choose_spec (step 0 hα0)).left
          has type
            Classical.choose ⋯ < α
          but is expected to have type
            sk < α
          /Users/pablogrossi/Desktop/AXLE/CatGT/Main.lean:131:24: error: Type mismatch
            (Classical.choose_spec (step (Classical.choose (step 0 hα0)) (Classical.choose_spec (step 0 hα0)).left)).left
          has type
            Classical.choose ⋯ < α
          but is expected to have type
            sk < α
          /Users/pablogrossi/Desktop/AXLE/CatGT/Main.lean:143:17: error: Type mismatch
            hc₀α
          has type
            c₀ < α
          but is expected to have type
            ck < α
          /Users/pablogrossi/Desktop/AXLE/CatGT/Main.lean:144:10: error: Type mismatch
            (Classical.choose_spec (step ck hm)).left
          has type
            Classical.choose ⋯ < α
          but is expected to have type
            ck < α
          /Users/pablogrossi/Desktop/AXLE/CatGT/Main.lean:145:23: error(lean.unknownIdentifier): Unknown identifier `c`
          /Users/pablogrossi/Desktop/AXLE/CatGT/Main.lean:111:50: error: unsolved goals
          case refine_2
          α : Ordinal.{u_1}
          hα : sorry
          hcf : sorry
          C : Set Ordinal.{u_1}
          hC_closed : IsOmegaClosedBelow C α
          hC_unbounded : IsUnboundedBelow C α
          hα0 : 0 < α
          step : ∀ β < α, ∃ γ < α, γ ∈ C ∧ β < γ

  0 ok, 1 failed
[  49/ 280] /Users/pablogrossi/Desktop/AXLE/CatGT/Main_v3.lean
project:   /Users/pablogrossi/Desktop/geometry  (leanprover/lean4:v4.32.0)
mathlib:   leanprover/lean4:v4.32.0

  FAIL    42s  Main_v3.lean  (18 errors)
          /Users/pablogrossi/Desktop/AXLE/CatGT/Main_v3.lean:37:12: error: Application type mismatch: The argument
            M.metric
          has type
            MetricSpace M.carrier
          but is expected to have type
            Dist ?m.1
          in the application
            @dist ?m.1 M.metric
          /Users/pablogrossi/Desktop/AXLE/CatGT/Main_v3.lean:37:47: error: Application type mismatch: The argument
            M.metric
          has type
            MetricSpace M.carrier
          but is expected to have type
            Dist ?m.2
          in the application
            @dist ?m.2 M.metric
          /Users/pablogrossi/Desktop/AXLE/CatGT/Main_v3.lean:74:17: error(lean.unknownIdentifier): Unknown constant `Real.pi`
          /Users/pablogrossi/Desktop/AXLE/CatGT/Main_v3.lean:80:4: error(lean.dependsOnNoncomputable): failed to compile definition, consider marking it as 'noncomputable' because it depends on 'Real.instDivInvMonoid', which is 'noncomputable'
          /Users/pablogrossi/Desktop/AXLE/CatGT/Main_v3.lean:86:8: warning: declaration uses `sorry`
          /Users/pablogrossi/Desktop/AXLE/CatGT/Main_v3.lean:97:54: error: maximum recursion depth has been reached
          use `set_option maxRecDepth <num>` to increase limit
          use `set_option diagnostics true` to get diagnostic information
          /Users/pablogrossi/Desktop/AXLE/CatGT/Main_v3.lean:130:20: error: No goals to be solved
          /Users/pablogrossi/Desktop/AXLE/CatGT/Main_v3.lean:136:21: error: Application type mismatch: The argument
            Nat.le_add_right ?m.17 ?m.18
          has type
            ?m.17 ≤ ?m.17 + ?m.18
          but is expected to have type
            (nextLevel r).layer_count ≥ r.layer_count
          in the application
            ⟨rfl, Nat.le_add_right ?m.17 ?m.18⟩
          /Users/pablogrossi/Desktop/AXLE/CatGT/Main_v3.lean:185:6: error(lean.unknownIdentifier): Unknown constant `Ordinal.omega`
          /Users/pablogrossi/Desktop/AXLE/CatGT/Main_v3.lean:187:22: error(lean.unknownIdentifier): Unknown constant `Ordinal.lt_succ`
          /Users/pablogrossi/Desktop/AXLE/CatGT/Main_v3.lean:188:12: error(lean.unknownIdentifier): Unknown constant `Ordinal.omega`
          /Users/pablogrossi/Desktop/AXLE/CatGT/Main_v3.lean:189:18: warning: `Ordinal.le_add_left` has been deprecated: Use `le_add_self` instead
          
          Note: The updated constant has a different type:
            ∀ {α : Type u} [inst : Add α] [inst_1 : LE α] [CanonicallyOrderedAdd α] {a b : α}, a ≤ b + a
          instead of
            ∀ (a b : Ordinal.{u_1}), a ≤ b + a
          
          Note: The updated constant is in a different namespace. Dot notation may need to be changed (e.g., from `x.le_add_left` to `le_add_self x`).
          /Users/pablogrossi/Desktop/AXLE/CatGT/Main_v3.lean:191:18: error(lean.unknownIdentifier): Unknown constant `Ordinal.lt_succ`
          /Users/pablogrossi/Desktop/AXLE/CatGT/Main_v3.lean:191:40: error: omega could not prove the goal:
          No usable constraints found. You may need to unfold definitions so `omega` can see linear arithmetic facts about `Nat` and `Int`, which may also involve multiplication, division, and modular remainder by constants.
          /Users/pablogrossi/Desktop/AXLE/CatGT/Main_v3.lean:201:8: error(lean.unknownIdentifier): Unknown constant `Ordinal.lt_of_lt_of_le`
          /Users/pablogrossi/Desktop/AXLE/CatGT/Main_v3.lean:202:2: error: No goals to be solved
          /Users/pablogrossi/Desktop/AXLE/CatGT/Main_v3.lean:234:18: error: unexpected token ':='; expected '}'
          /Users/pablogrossi/Desktop/AXLE/CatGT/Main_v3.lean:233:8: error: Insufficient number of fields for `⟨...⟩` constructor: Constructor `Exists.intro` has 2 explicit field, but only 1 was provided
          /Users/pablogrossi/Desktop/AXLE/CatGT/Main_v3.lean:233:9: error: Fields missing: `triple`, `layer_count`
          /Users/pablogrossi/Desktop/AXLE/CatGT/Main_v3.lean:233:24: error: Function expected at
            1
          but this term has type
            ?m.19
          
          Note: Expected a function because this term is being applied to the argument
            triple

  0 ok, 1 failed
[  50/ 280] /Users/pablogrossi/Desktop/AXLE/CatGT/Main_v3_corrected.lean
project:   /Users/pablogrossi/Desktop/geometry  (leanprover/lean4:v4.32.0)
mathlib:   leanprover/lean4:v4.32.0

  FAIL    49s  Main_v3_corrected.lean  (18 errors)
          /Users/pablogrossi/Desktop/AXLE/CatGT/Main_v3_corrected.lean:37:12: error: Application type mismatch: The argument
            M.metric
          has type
            MetricSpace M.carrier
          but is expected to have type
            Dist ?m.1
          in the application
            @dist ?m.1 M.metric
          /Users/pablogrossi/Desktop/AXLE/CatGT/Main_v3_corrected.lean:37:47: error: Application type mismatch: The argument
            M.metric
          has type
            MetricSpace M.carrier
          but is expected to have type
            Dist ?m.2
          in the application
            @dist ?m.2 M.metric
          /Users/pablogrossi/Desktop/AXLE/CatGT/Main_v3_corrected.lean:74:17: error(lean.unknownIdentifier): Unknown constant `Real.pi`
          /Users/pablogrossi/Desktop/AXLE/CatGT/Main_v3_corrected.lean:80:4: error(lean.dependsOnNoncomputable): failed to compile definition, consider marking it as 'noncomputable' because it depends on 'Real.instDivInvMonoid', which is 'noncomputable'
          /Users/pablogrossi/Desktop/AXLE/CatGT/Main_v3_corrected.lean:86:8: warning: declaration uses `sorry`
          /Users/pablogrossi/Desktop/AXLE/CatGT/Main_v3_corrected.lean:97:54: error: maximum recursion depth has been reached
          use `set_option maxRecDepth <num>` to increase limit
          use `set_option diagnostics true` to get diagnostic information
          /Users/pablogrossi/Desktop/AXLE/CatGT/Main_v3_corrected.lean:128:20: error: No goals to be solved
          /Users/pablogrossi/Desktop/AXLE/CatGT/Main_v3_corrected.lean:134:21: error: Application type mismatch: The argument
            Nat.le_add_right ?m.17 ?m.18
          has type
            ?m.17 ≤ ?m.17 + ?m.18
          but is expected to have type
            (nextLevel r).layer_count ≥ r.layer_count
          in the application
            ⟨rfl, Nat.le_add_right ?m.17 ?m.18⟩
          /Users/pablogrossi/Desktop/AXLE/CatGT/Main_v3_corrected.lean:179:2: error(lean.unknownIdentifier): Unknown constant `Ordinal.IsLimit`
          /Users/pablogrossi/Desktop/AXLE/CatGT/Main_v3_corrected.lean:186:14: error(lean.unknownIdentifier): Unknown constant `Ordinal.omega`
          /Users/pablogrossi/Desktop/AXLE/CatGT/Main_v3_corrected.lean:187:10: error(lean.unknownIdentifier): Unknown constant `Ordinal.lt_add_of_pos_right`
          /Users/pablogrossi/Desktop/AXLE/CatGT/Main_v3_corrected.lean:188:10: error(lean.unknownIdentifier): Unknown constant `Ordinal.IsLimit.add_right`
          /Users/pablogrossi/Desktop/AXLE/CatGT/Main_v3_corrected.lean:195:27: error(lean.unknownIdentifier): Unknown constant `Ordinal.omega`
          /Users/pablogrossi/Desktop/AXLE/CatGT/Main_v3_corrected.lean:203:8: error(lean.unknownIdentifier): Unknown constant `Ordinal.lt_add_of_pos_right`
          /Users/pablogrossi/Desktop/AXLE/CatGT/Main_v3_corrected.lean:202:8: warning: declaration uses `sorry`
          /Users/pablogrossi/Desktop/AXLE/CatGT/Main_v3_corrected.lean:209:8: error(lean.unknownIdentifier): Unknown constant `Ordinal.IsLimit.add_right`
          /Users/pablogrossi/Desktop/AXLE/CatGT/Main_v3_corrected.lean:208:8: warning: declaration uses `sorry`
          /Users/pablogrossi/Desktop/AXLE/CatGT/Main_v3_corrected.lean:208:26: warning: declaration uses `sorry`
          /Users/pablogrossi/Desktop/AXLE/CatGT/Main_v3_corrected.lean:208:8: warning: This simp argument is unused:
            ordinalNextLevel
          
          Hint: Omit it from the simp argument list.
            simp [̵o̵r̵d̵i̵n̵a̵l̵N̵e̵x̵t̵L̵e̵v̵e̵l̵,̵ ̵i̵s̵R̵e̵g̵e̵n̵e̵r̵a̵t̵i̵o̵n̵C̵l̵o̵s̵u̵r̵e̵P̵o̵i̵n̵t̵]̵[̲i̲s̲R̲e̲g̲e̲n̲e̲r̲a̲t̲i̲o̲n̲C̲l̲o̲s̲u̲r̲e̲P̲o̲i̲n̲t̲]̲
          
          Note: This linter can be disabled with `set_option linter.unusedSimpArgs false`
          /Users/pablogrossi/Desktop/AXLE/CatGT/Main_v3_corrected.lean:228:18: error: unexpected token ':='; expected '}'
          /Users/pablogrossi/Desktop/AXLE/CatGT/Main_v3_corrected.lean:227:8: error: Insufficient number of fields for `⟨...⟩` constructor: Constructor `Exists.intro` has 2 explicit field, but only 1 was provided
          /Users/pablogrossi/Desktop/AXLE/CatGT/Main_v3_corrected.lean:227:20: error: Function expected at
            γ
          but this term has type
            Ordinal.{0}
          
          Note: Expected a function because this term is being applied to the argument
            triple
          /Users/pablogrossi/Desktop/AXLE/CatGT/Main_v3_corrected.lean:227:9: error: Fields missing: `triple`, `layer_count`

  0 ok, 1 failed
[  51/ 280] /Users/pablogrossi/Desktop/AXLE/CatGT/Main_v4.lean
project:   /Users/pablogrossi/Desktop/geometry  (leanprover/lean4:v4.32.0)
mathlib:   leanprover/lean4:v4.32.0

  FAIL    53s  Main_v4.lean  (33 errors)
          /Users/pablogrossi/Desktop/AXLE/CatGT/Main_v4.lean:39:12: error: Application type mismatch: The argument
            M.metric
          has type
            MetricSpace M.carrier
          but is expected to have type
            Dist ?m.1
          in the application
            @dist ?m.1 M.metric
          /Users/pablogrossi/Desktop/AXLE/CatGT/Main_v4.lean:39:47: error: Application type mismatch: The argument
            M.metric
          has type
            MetricSpace M.carrier
          but is expected to have type
            Dist ?m.2
          in the application
            @dist ?m.2 M.metric
          /Users/pablogrossi/Desktop/AXLE/CatGT/Main_v4.lean:72:17: error(lean.unknownIdentifier): Unknown constant `Real.pi`
          /Users/pablogrossi/Desktop/AXLE/CatGT/Main_v4.lean:78:4: error(lean.dependsOnNoncomputable): failed to compile definition, consider marking it as 'noncomputable' because it depends on 'Real.instDivInvMonoid', which is 'noncomputable'
          /Users/pablogrossi/Desktop/AXLE/CatGT/Main_v4.lean:84:8: warning: declaration uses `sorry`
          /Users/pablogrossi/Desktop/AXLE/CatGT/Main_v4.lean:91:54: error: maximum recursion depth has been reached
          use `set_option maxRecDepth <num>` to increase limit
          use `set_option diagnostics true` to get diagnostic information
          /Users/pablogrossi/Desktop/AXLE/CatGT/Main_v4.lean:118:20: error: No goals to be solved
          /Users/pablogrossi/Desktop/AXLE/CatGT/Main_v4.lean:124:21: error: Application type mismatch: The argument
            Nat.le_add_right ?m.17 ?m.18
          has type
            ?m.17 ≤ ?m.17 + ?m.18
          but is expected to have type
            (nextLevel r).layer_count ≥ r.layer_count
          in the application
            ⟨rfl, Nat.le_add_right ?m.17 ?m.18⟩
          /Users/pablogrossi/Desktop/AXLE/CatGT/Main_v4.lean:146:2: error(lean.unknownIdentifier): Unknown constant `Ordinal.IsLimit`
          /Users/pablogrossi/Desktop/AXLE/CatGT/Main_v4.lean:151:14: error(lean.unknownIdentifier): Unknown constant `Ordinal.omega`
          /Users/pablogrossi/Desktop/AXLE/CatGT/Main_v4.lean:152:10: error(lean.unknownIdentifier): Unknown constant `Ordinal.lt_add_of_pos_right`
          /Users/pablogrossi/Desktop/AXLE/CatGT/Main_v4.lean:153:10: error(lean.unknownIdentifier): Unknown constant `Ordinal.IsLimit.add_right`
          /Users/pablogrossi/Desktop/AXLE/CatGT/Main_v4.lean:157:27: error(lean.unknownIdentifier): Unknown constant `Ordinal.omega`
          /Users/pablogrossi/Desktop/AXLE/CatGT/Main_v4.lean:164:8: error(lean.unknownIdentifier): Unknown constant `Ordinal.lt_add_of_pos_right`
          /Users/pablogrossi/Desktop/AXLE/CatGT/Main_v4.lean:163:8: warning: declaration uses `sorry`
          /Users/pablogrossi/Desktop/AXLE/CatGT/Main_v4.lean:169:8: error(lean.unknownIdentifier): Unknown constant `Ordinal.IsLimit.add_right`
          /Users/pablogrossi/Desktop/AXLE/CatGT/Main_v4.lean:168:8: warning: declaration uses `sorry`
          /Users/pablogrossi/Desktop/AXLE/CatGT/Main_v4.lean:168:26: warning: declaration uses `sorry`
          /Users/pablogrossi/Desktop/AXLE/CatGT/Main_v4.lean:168:8: warning: This simp argument is unused:
            ordinalNextLevel
          
          Hint: Omit it from the simp argument list.
            simp [̵o̵r̵d̵i̵n̵a̵l̵N̵e̵x̵t̵L̵e̵v̵e̵l̵,̵ ̵i̵s̵R̵e̵g̵e̵n̵e̵r̵a̵t̵i̵o̵n̵C̵l̵o̵s̵u̵r̵e̵P̵o̵i̵n̵t̵]̵[̲i̲s̲R̲e̲g̲e̲n̲e̲r̲a̲t̲i̲o̲n̲C̲l̲o̲s̲u̲r̲e̲P̲o̲i̲n̲t̲]̲
          
          Note: This linter can be disabled with `set_option linter.unusedSimpArgs false`
          /Users/pablogrossi/Desktop/AXLE/CatGT/Main_v4.lean:184:18: error: unexpected token ':='; expected '}'
          /Users/pablogrossi/Desktop/AXLE/CatGT/Main_v4.lean:183:8: error: Insufficient number of fields for `⟨...⟩` constructor: Constructor `Exists.intro` has 2 explicit field, but only 1 was provided
          /Users/pablogrossi/Desktop/AXLE/CatGT/Main_v4.lean:183:20: error: Function expected at
            γ
          but this term has type
            Ordinal.{0}
          
          Note: Expected a function because this term is being applied to the argument
            triple
          /Users/pablogrossi/Desktop/AXLE/CatGT/Main_v4.lean:183:9: error: Fields missing: `triple`, `layer_count`
          /Users/pablogrossi/Desktop/AXLE/CatGT/Main_v4.lean:218:4: error(lean.unknownIdentifier): Unknown constant `Ordinal.sup`
          /Users/pablogrossi/Desktop/AXLE/CatGT/Main_v4.lean:222:4: error(lean.invalidField): Invalid field `IsClosedBelow`: The environment does not contain `Function.IsClosedBelow`, so it is not possible to project the field `IsClosedBelow` from an expression
            C
          of type `Ordinal.{?u.3} → Prop`
          /Users/pablogrossi/Desktop/AXLE/CatGT/Main_v4.lean:222:24: error(lean.invalidField): Invalid field `IsUnboundedBelow`: The environment does not contain `Function.IsUnboundedBelow`, so it is not possible to project the field `IsUnboundedBelow` from an expression
            C
          of type `Ordinal.{?u.3} → Prop`
          /Users/pablogrossi/Desktop/AXLE/CatGT/Main_v4.lean:227:23: error(lean.invalidField): Invalid field `IsClubBelow`: The environment does not contain `Function.IsClubBelow`, so it is not possible to project the field `IsClubBelow` from an expression
            C
          of type `Ordinal.{?u.9} → Prop`
          /Users/pablogrossi/Desktop/AXLE/CatGT/Main_v4.lean:237:25: error(lean.invalidField): Invalid field `IsStationaryBelow`: The environment does not contain `Function.IsStationaryBelow`, so it is not possible to project the field `IsStationaryBelow` from an expression
            closurePointsBelow α

  0 ok, 1 failed
[  52/ 280] /Users/pablogrossi/Desktop/AXLE/CatGT/Main_v5.lean
project:   /Users/pablogrossi/Desktop/geometry  (leanprover/lean4:v4.32.0)
mathlib:   leanprover/lean4:v4.32.0

  FAIL    63s  Main_v5.lean  (59 errors)
          /Users/pablogrossi/Desktop/AXLE/CatGT/Main_v5.lean:35:4: error(lean.unknownIdentifier): Unknown constant `Ordinal.sup`
          /Users/pablogrossi/Desktop/AXLE/CatGT/Main_v5.lean:46:43: error(lean.unknownIdentifier): Unknown constant `Ordinal.IsLimit`
          /Users/pablogrossi/Desktop/AXLE/CatGT/Main_v5.lean:63:4: error(lean.unknownIdentifier): Unknown constant `Ordinal.IsLimit`
          /Users/pablogrossi/Desktop/AXLE/CatGT/Main_v5.lean:65:2: error: No goals to be solved
          /Users/pablogrossi/Desktop/AXLE/CatGT/Main_v5.lean:80:12: error(lean.synthInstanceFailed): failed to synthesize instance of type class
            HAdd Ordinal.{u_1} (Ordinal.{?u.14} ↪o Ordinal.{?u.14}) ?m.10
          
          Hint: Type class instance resolution failures can be inspected with the `set_option trace.Meta.synthInstance true` command.
          /Users/pablogrossi/Desktop/AXLE/CatGT/Main_v5.lean:81:13: error(lean.unknownIdentifier): Unknown constant `Ordinal.lt_add_of_pos_right`
          /Users/pablogrossi/Desktop/AXLE/CatGT/Main_v5.lean:82:13: error(lean.unknownIdentifier): Unknown constant `Ordinal.IsLimit.add_right`
          /Users/pablogrossi/Desktop/AXLE/CatGT/Main_v5.lean:88:24: error(lean.unknownIdentifier): Unknown constant `Ordinal.IsLimit`
          /Users/pablogrossi/Desktop/AXLE/CatGT/Main_v5.lean:89:27: error: Type mismatch
            α.card.ord
          has type
            Ordinal.{?u.7}
          but is expected to have type
            Ordinal.{?u.7} ↪o Ordinal.{?u.7}
          /Users/pablogrossi/Desktop/AXLE/CatGT/Main_v5.lean:91:4: error(lean.unknownIdentifier): Unknown constant `Ordinal.sup`
          /Users/pablogrossi/Desktop/AXLE/CatGT/Main_v5.lean:92:8: error(lean.unknownIdentifier): Unknown constant `Ordinal.sup_lt_ord`
          /Users/pablogrossi/Desktop/AXLE/CatGT/Main_v5.lean:93:2: error: No goals to be solved
          /Users/pablogrossi/Desktop/AXLE/CatGT/Main_v5.lean:109:24: error(lean.unknownIdentifier): Unknown constant `Ordinal.IsLimit`
          /Users/pablogrossi/Desktop/AXLE/CatGT/Main_v5.lean:110:27: error: Type mismatch
            α.card.ord
          has type
            Ordinal.{?u.7}
          but is expected to have type
            Ordinal.{?u.7} ↪o Ordinal.{?u.7}
          /Users/pablogrossi/Desktop/AXLE/CatGT/Main_v5.lean:125:6: error: Application type mismatch: The argument
            (Classical.choose_spec (step (if k = 0 then 0 else sk) ?m.103)).left
          has type
            Classical.choose ⋯ < α
          but is expected to have type
            sk < α
          in the application
            step sk (Classical.choose_spec (step (if k = 0 then 0 else sk) ?m.103)).left
          /Users/pablogrossi/Desktop/AXLE/CatGT/Main_v5.lean:130:22: error: Type mismatch
            (Classical.choose_spec (step 0 hα0)).left
          has type
            Classical.choose ⋯ < α
          but is expected to have type
            sk < α
          /Users/pablogrossi/Desktop/AXLE/CatGT/Main_v5.lean:131:24: error: Type mismatch
            (Classical.choose_spec (step (Classical.choose (step 0 hα0)) (Classical.choose_spec (step 0 hα0)).left)).left
          has type
            Classical.choose ⋯ < α
          but is expected to have type
            sk < α
          /Users/pablogrossi/Desktop/AXLE/CatGT/Main_v5.lean:143:17: error: Type mismatch
            hc₀α
          has type
            c₀ < α
          but is expected to have type
            ck < α
          /Users/pablogrossi/Desktop/AXLE/CatGT/Main_v5.lean:144:10: error: Type mismatch
            (Classical.choose_spec (step ck hm)).left
          has type
            Classical.choose ⋯ < α
          but is expected to have type
            ck < α
          /Users/pablogrossi/Desktop/AXLE/CatGT/Main_v5.lean:145:23: error(lean.unknownIdentifier): Unknown identifier `c`
          /Users/pablogrossi/Desktop/AXLE/CatGT/Main_v5.lean:111:50: error: unsolved goals
          case refine_2
          α : Ordinal.{u_1}
          hα : sorry
          hcf : sorry
          C : Set Ordinal.{u_1}
          hC_closed : IsOmegaClosedBelow C α
          hC_unbounded : IsUnboundedBelow C α
          hα0 : 0 < α
          step : ∀ β < α, ∃ γ < α, γ ∈ C ∧ β < γ

  0 ok, 1 failed
[  53/ 280] /Users/pablogrossi/Desktop/AXLE/CatGT/dm3_Criticality_gtct.lean
project:   /Users/pablogrossi/Desktop/geometry  (leanprover/lean4:v4.32.0)
mathlib:   leanprover/lean4:v4.32.0

  FAIL     5s  dm3_Criticality_gtct.lean  (1 errors)
          /Users/pablogrossi/Desktop/AXLE/CatGT/dm3_Criticality_gtct.lean:1:0: error: unknown module prefix 'GTCT'
          
          No directory 'GTCT' or file 'GTCT.olean' in the search path entries:
          /Users/pablogrossi/Desktop/geometry/.lake/packages/Cli/.lake/build/lib/lean
          /Users/pablogrossi/Desktop/geometry/.lake/packages/batteries/.lake/build/lib/lean
          /Users/pablogrossi/Desktop/geometry/.lake/packages/Qq/.lake/build/lib/lean
          /Users/pablogrossi/Desktop/geometry/.lake/packages/aesop/.lake/build/lib/lean
          /Users/pablogrossi/Desktop/geometry/.lake/packages/proofwidgets/.lake/build/lib/lean
          /Users/pablogrossi/Desktop/geometry/.lake/packages/importGraph/.lake/build/lib/lean
          /Users/pablogrossi/Desktop/geometry/.lake/packages/LeanSearchClient/.lake/build/lib/lean
          /Users/pablogrossi/Desktop/geometry/.lake/packages/plausible/.lake/build/lib/lean
          /Users/pablogrossi/Desktop/geometry/.lake/packages/mathlib/.lake/build/lib/lean
          /Users/pablogrossi/Desktop/geometry/.lake/build/lib/lean
          /Users/pablogrossi/.elan/toolchains/leanprover--lean4---v4.32.0/lib/lean
          /Users/pablogrossi/.elan/toolchains/leanprover--lean4---v4.32.0/lib/lean

  0 ok, 1 failed
[  54/ 280] /Users/pablogrossi/Desktop/AXLE/CatGT/fitribonacci.lean
project:   /Users/pablogrossi/Desktop/geometry  (leanprover/lean4:v4.32.0)
mathlib:   leanprover/lean4:v4.32.0

  FAIL    67s  fitribonacci.lean  (13 errors)
          /Users/pablogrossi/Desktop/AXLE/CatGT/fitribonacci.lean:19:22: error(lean.unknownIdentifier): Unknown constant `Nat.valTwoPow`
          /Users/pablogrossi/Desktop/AXLE/CatGT/fitribonacci.lean:30:2: error: unsolved goals
          case zero
          n : ℕ
          h_odd : n % 2 = 1
          ⊢ 1 ≤ sorry ()
          /Users/pablogrossi/Desktop/AXLE/CatGT/fitribonacci.lean:31:10: error: Tactic `introN` failed: There are no additional binders or `let` bindings in the goal to introduce
          
          case succ
          n : ℕ
          h_odd : n % 2 = 1
          n✝ : ℕ
          ⊢ 1 ≤ sorry () ∧ (n✝ + 1 = 1 → 2 ≤ sorry ()) ∧ (n✝ + 1 = 3 → sorry () = 1)
          /Users/pablogrossi/Desktop/AXLE/CatGT/fitribonacci.lean:32:2: error: No goals to be solved
          /Users/pablogrossi/Desktop/AXLE/CatGT/fitribonacci.lean:28:8: warning: declaration uses `sorry`
          /Users/pablogrossi/Desktop/AXLE/CatGT/fitribonacci.lean:30:10: warning: This simp argument is unused:
            Nat.mod_eq_zero_of_dvd
          
          Hint: Omit it from the simp argument list.
            simp ̵[̵N̵a̵t̵.̵m̵o̵d̵_̵e̵q̵_̵z̵e̵r̵o̵_̵o̵f̵_̵d̵v̵d̵]̵
          
          Note: This linter can be disabled with `set_option linter.unusedSimpArgs false`
          /Users/pablogrossi/Desktop/AXLE/CatGT/fitribonacci.lean:43:12: error(lean.unknownIdentifier): Unknown identifier `m`
          /Users/pablogrossi/Desktop/AXLE/CatGT/fitribonacci.lean:44:12: error(lean.unknownIdentifier): Unknown identifier `m`
          /Users/pablogrossi/Desktop/AXLE/CatGT/fitribonacci.lean:44:19: error(lean.unknownIdentifier): Unknown identifier `v`
          /Users/pablogrossi/Desktop/AXLE/CatGT/fitribonacci.lean:44:24: error(lean.unknownIdentifier): Unknown identifier `m`
          /Users/pablogrossi/Desktop/AXLE/CatGT/fitribonacci.lean:47:14: error(lean.unknownIdentifier): Unknown constant `Nat.log_div_base_lt`
          /Users/pablogrossi/Desktop/AXLE/CatGT/fitribonacci.lean:42:35: error: unsolved goals
          n : ℕ
          h_odd : n % 2 = 1
          h1 : sorry < 4 * n
          h2 : sorry / 2 ^ sorry ≤ sorry / 2
          ⊢ let m := 3 * n + 1;
            let v := v2 m;
            height (m / 2 ^ v) < Nat.log 2 n
          /Users/pablogrossi/Desktop/AXLE/CatGT/fitribonacci.lean:59:20: error(lean.unknownIdentifier): Unknown constant `Nat.strongInductionOn`
          /Users/pablogrossi/Desktop/AXLE/CatGT/fitribonacci.lean:74:35: error: unexpected token '<'; expected command
          /Users/pablogrossi/Desktop/AXLE/CatGT/fitribonacci.lean:90:8: warning: declaration uses `sorry`
          /Users/pablogrossi/Desktop/AXLE/CatGT/fitribonacci.lean:104:0: error: unexpected end of input; expected ')', ',' or ':'

  0 ok, 1 failed
[  55/ 280] /Users/pablogrossi/Desktop/AXLE/CatGT/main_v7.lean
project:   /Users/pablogrossi/Desktop/geometry  (leanprover/lean4:v4.32.0)
mathlib:   leanprover/lean4:v4.32.0

  FAIL     4s  main_v7.lean  (1 errors)
          /Users/pablogrossi/Desktop/AXLE/CatGT/main_v7.lean:9:0: error: object file '/Users/pablogrossi/Desktop/geometry/.lake/packages/mathlib/.lake/build/lib/lean/Mathlib/Order/Ordinal/Basic.olean' of module Mathlib.Order.Ordinal.Basic does not exist

  0 ok, 1 failed
[  56/ 280] /Users/pablogrossi/Desktop/AXLE/DNLS/FoldEvents.lean
project:   /Users/pablogrossi/Desktop/geometry  (leanprover/lean4:v4.32.0)
mathlib:   leanprover/lean4:v4.32.0

  FAIL    55s  FoldEvents.lean  (3 errors)
          /Users/pablogrossi/Desktop/AXLE/DNLS/FoldEvents.lean:103:41: error: maximum recursion depth has been reached
          use `set_option maxRecDepth <num>` to increase limit
          use `set_option diagnostics true` to get diagnostic information
          /Users/pablogrossi/Desktop/AXLE/DNLS/FoldEvents.lean:104:41: error: maximum recursion depth has been reached
          use `set_option maxRecDepth <num>` to increase limit
          use `set_option diagnostics true` to get diagnostic information
          /Users/pablogrossi/Desktop/AXLE/DNLS/FoldEvents.lean:105:40: error: maximum recursion depth has been reached
          use `set_option maxRecDepth <num>` to increase limit
          use `set_option diagnostics true` to get diagnostic information

  0 ok, 1 failed
[  57/ 280] /Users/pablogrossi/Desktop/AXLE/DNLS/TribonacciDNLS.lean
project:   /Users/pablogrossi/Desktop/geometry  (leanprover/lean4:v4.32.0)
mathlib:   leanprover/lean4:v4.32.0

  FAIL     8s  TribonacciDNLS.lean  (1 errors)
          /Users/pablogrossi/Desktop/AXLE/DNLS/TribonacciDNLS.lean:35:0: error: invalid 'import' command, it must be used in the beginning of the file

  0 ok, 1 failed
[  58/ 280] /Users/pablogrossi/Desktop/AXLE/Dm3Comp.lean
project:   /Users/pablogrossi/Desktop/geometry  (leanprover/lean4:v4.32.0)
mathlib:   leanprover/lean4:v4.32.0

  FAIL     2s  Dm3Comp.lean  (1 errors)
          /Users/pablogrossi/Desktop/AXLE/Dm3Comp.lean:1:0: error: object file '/Users/pablogrossi/Desktop/geometry/.lake/packages/mathlib/.lake/build/lib/lean/Mathlib/MeasureTheory/Measure/Lebesgue.olean' of module Mathlib.MeasureTheory.Measure.Lebesgue does not exist

  0 ok, 1 failed
[  59/ 280] /Users/pablogrossi/Desktop/AXLE/FruitFly/MultiOrbitBioSwarm.lean
project:   /Users/pablogrossi/Desktop/geometry  (leanprover/lean4:v4.32.0)
mathlib:   leanprover/lean4:v4.32.0

  FAIL     1s  MultiOrbitBioSwarm.lean  (1 errors)
          /Users/pablogrossi/Desktop/AXLE/FruitFly/MultiOrbitBioSwarm.lean:53:0: error: invalid 'import' command, it must be used in the beginning of the file

  0 ok, 1 failed
[  60/ 280] /Users/pablogrossi/Desktop/AXLE/GTCT/AXLE.lean
project:   /Users/pablogrossi/Desktop/geometry  (leanprover/lean4:v4.32.0)
mathlib:   leanprover/lean4:v4.32.0

  FAIL     1s  AXLE.lean  (1 errors)
          /Users/pablogrossi/Desktop/AXLE/GTCT/AXLE.lean:21:0: error: object file '/Users/pablogrossi/Desktop/geometry/.lake/packages/mathlib/.lake/build/lib/lean/Mathlib/Order/Ordinal/Basic.olean' of module Mathlib.Order.Ordinal.Basic does not exist

  0 ok, 1 failed
[  61/ 280] /Users/pablogrossi/Desktop/AXLE/GTCT/AXLE8.lean
project:   /Users/pablogrossi/Desktop/geometry  (leanprover/lean4:v4.32.0)
mathlib:   leanprover/lean4:v4.32.0

  FAIL     1s  AXLE8.lean  (1 errors)
          /Users/pablogrossi/Desktop/AXLE/GTCT/AXLE8.lean:8:0: error: object file '/Users/pablogrossi/Desktop/geometry/.lake/packages/mathlib/.lake/build/lib/lean/Mathlib/Order/Ordinal/Basic.olean' of module Mathlib.Order.Ordinal.Basic does not exist

  0 ok, 1 failed
[  62/ 280] /Users/pablogrossi/Desktop/AXLE/GTCT/Criticality_Principle.lean
project:   /Users/pablogrossi/Desktop/geometry  (leanprover/lean4:v4.32.0)
mathlib:   leanprover/lean4:v4.32.0

  FAIL     1s  Criticality_Principle.lean  (1 errors)
          /Users/pablogrossi/Desktop/AXLE/GTCT/Criticality_Principle.lean:1:0: error: unknown module prefix 'GTCT'
          
          No directory 'GTCT' or file 'GTCT.olean' in the search path entries:
          /Users/pablogrossi/Desktop/geometry/.lake/packages/Cli/.lake/build/lib/lean
          /Users/pablogrossi/Desktop/geometry/.lake/packages/batteries/.lake/build/lib/lean
          /Users/pablogrossi/Desktop/geometry/.lake/packages/Qq/.lake/build/lib/lean
          /Users/pablogrossi/Desktop/geometry/.lake/packages/aesop/.lake/build/lib/lean
          /Users/pablogrossi/Desktop/geometry/.lake/packages/proofwidgets/.lake/build/lib/lean
          /Users/pablogrossi/Desktop/geometry/.lake/packages/importGraph/.lake/build/lib/lean
          /Users/pablogrossi/Desktop/geometry/.lake/packages/LeanSearchClient/.lake/build/lib/lean
          /Users/pablogrossi/Desktop/geometry/.lake/packages/plausible/.lake/build/lib/lean
          /Users/pablogrossi/Desktop/geometry/.lake/packages/mathlib/.lake/build/lib/lean
          /Users/pablogrossi/Desktop/geometry/.lake/build/lib/lean
          /Users/pablogrossi/.elan/toolchains/leanprover--lean4---v4.32.0/lib/lean
          /Users/pablogrossi/.elan/toolchains/leanprover--lean4---v4.32.0/lib/lean

  0 ok, 1 failed
[  63/ 280] /Users/pablogrossi/Desktop/AXLE/GTCT/dm3_Criticality_gtct.lean
project:   /Users/pablogrossi/Desktop/geometry  (leanprover/lean4:v4.32.0)
mathlib:   leanprover/lean4:v4.32.0

  FAIL     0s  dm3_Criticality_gtct.lean  (1 errors)
          /Users/pablogrossi/Desktop/AXLE/GTCT/dm3_Criticality_gtct.lean:1:0: error: unknown module prefix 'GTCT'
          
          No directory 'GTCT' or file 'GTCT.olean' in the search path entries:
          /Users/pablogrossi/Desktop/geometry/.lake/packages/Cli/.lake/build/lib/lean
          /Users/pablogrossi/Desktop/geometry/.lake/packages/batteries/.lake/build/lib/lean
          /Users/pablogrossi/Desktop/geometry/.lake/packages/Qq/.lake/build/lib/lean
          /Users/pablogrossi/Desktop/geometry/.lake/packages/aesop/.lake/build/lib/lean
          /Users/pablogrossi/Desktop/geometry/.lake/packages/proofwidgets/.lake/build/lib/lean
          /Users/pablogrossi/Desktop/geometry/.lake/packages/importGraph/.lake/build/lib/lean
          /Users/pablogrossi/Desktop/geometry/.lake/packages/LeanSearchClient/.lake/build/lib/lean
          /Users/pablogrossi/Desktop/geometry/.lake/packages/plausible/.lake/build/lib/lean
          /Users/pablogrossi/Desktop/geometry/.lake/packages/mathlib/.lake/build/lib/lean
          /Users/pablogrossi/Desktop/geometry/.lake/build/lib/lean
          /Users/pablogrossi/.elan/toolchains/leanprover--lean4---v4.32.0/lib/lean
          /Users/pablogrossi/.elan/toolchains/leanprover--lean4---v4.32.0/lib/lean

  0 ok, 1 failed
[  64/ 280] /Users/pablogrossi/Desktop/AXLE/Intelligence/SwarmSimulator.lean
project:   /Users/pablogrossi/Desktop/geometry  (leanprover/lean4:v4.32.0)
mathlib:   leanprover/lean4:v4.32.0

  FAIL    63s  SwarmSimulator.lean  (9 errors)
          /Users/pablogrossi/Desktop/AXLE/Intelligence/SwarmSimulator.lean:198:8: error: Tactic `apply` failed: could not unify the conclusion of `@mul_le_mul_of_nonneg_right`
            ?b * ?a ≤ ?c * ?a
          with the goal
            I * p.f_types * p.f_agents ≤ I * 1 * 1
          
          Note: The full type of `@mul_le_mul_of_nonneg_right` is
            ∀ {α : Type ?u.110} [inst : Mul α] [inst_1 : Zero α] [inst_2 : Preorder α] {a b c : α} [MulPosMono α],
              b ≤ c → 0 ≤ a → b * a ≤ c * a
          
          case hbc
          I : ℝ
          hI : 0 < I
          p : SwarmParams
          hft : p.f_types ≤ 1
          hfa : p.f_agents ≤ 1
          --
          /Users/pablogrossi/Desktop/AXLE/Intelligence/SwarmSimulator.lean:213:6: error(lean.unknownIdentifier): Unknown identifier `div_le_iff`
          /Users/pablogrossi/Desktop/AXLE/Intelligence/SwarmSimulator.lean:210:32: error: unsolved goals
          C I_new : ℝ
          hC : 0 < C
          hI : 0 < I_new
          hI1 : I_new ≤ 1
          p : SwarmParams
          hdrag : 0 < 1 + p.drag
          ⊢ C * I_new / (1 + p.drag) ≤ C
          /Users/pablogrossi/Desktop/AXLE/Intelligence/SwarmSimulator.lean:240:8: error: Tactic `apply` failed: could not unify the type of `mul_lt_one_of_nonneg_of_lt_one_left (le_of_lt hL1') hL1 ?m.61`
            L1 * ?m.55 < 1
          with the goal
            L1 * L2 < 1 * 1
          
          L1 L2 : ℝ
          hL1 : L1 < 1
          hL2 : L2 < 1
          hL1' : 0 < L1
          hL2' : 0 < L2
          ⊢ L1 * L2 < 1 * 1
          /Users/pablogrossi/Desktop/AXLE/Intelligence/SwarmSimulator.lean:259:27: error(lean.synthInstanceFailed): failed to synthesize instance of type class
            OfNat (Fin k) 0
          numerals are polymorphic in Lean, but the numeral `0` cannot be used in a context where the expected type is
            Fin k
          due to the absence of the instance above
          
          Hint: Type class instance resolution failures can be inspected with the `set_option trace.Meta.synthInstance true` command.
          /Users/pablogrossi/Desktop/AXLE/Intelligence/SwarmSimulator.lean:270:2: error: linarith failed to find a contradiction
          k : ℕ
          hk : 0 < k
          S : MultiOrbitSystem k
          i : Fin k
          hmem : i ∈ Finset.univ
          hle : S.inv i ≤ Finset.univ.sup' ⋯ S.inv
          a✝ : sorry S ≤ S.inv i
          ⊢ False
          failed
          /Users/pablogrossi/Desktop/AXLE/Intelligence/SwarmSimulator.lean:304:2: error: failed to synthesize
            Fintype ℕ
          
          Hint: Additional diagnostic information may be available using the `set_option diagnostics true` command.
          /Users/pablogrossi/Desktop/AXLE/Intelligence/SwarmSimulator.lean:304:18: error: failed to synthesize
            Fintype ℕ
          
          Hint: Additional diagnostic information may be available using the `set_option diagnostics true` command.
          /Users/pablogrossi/Desktop/AXLE/Intelligence/SwarmSimulator.lean:294:34: error: unsolved goals
          case h
          i : ℕ
          hi : i < 4
          j : ℕ
          hj : j < 4
          heq :
            (match ⟨i, hi⟩ with
              | ⟨0, isLt⟩ => { I := 1, C := 0, M := 0, F := 0 }

  0 ok, 1 failed
[  65/ 280] /Users/pablogrossi/Desktop/AXLE/Main_v6.lean
project:   /Users/pablogrossi/Desktop/geometry  (leanprover/lean4:v4.32.0)
mathlib:   leanprover/lean4:v4.32.0

  FAIL     5s  Main_v6.lean  (1 errors)
          /Users/pablogrossi/Desktop/AXLE/Main_v6.lean:95:0: error: object file '/Users/pablogrossi/Desktop/geometry/.lake/packages/mathlib/.lake/build/lib/lean/Mathlib/Order/Ordinal/Basic.olean' of module Mathlib.Order.Ordinal.Basic does not exist

  0 ok, 1 failed
[  66/ 280] /Users/pablogrossi/Desktop/AXLE/Multi-Orbit-Theory/MultiOrbitTogt.lean
project:   /Users/pablogrossi/Desktop/geometry  (leanprover/lean4:v4.32.0)
mathlib:   leanprover/lean4:v4.32.0

  FAIL     3s  MultiOrbitTogt.lean  (1 errors)
          /Users/pablogrossi/Desktop/AXLE/Multi-Orbit-Theory/MultiOrbitTogt.lean:44:0: error: object file '/Users/pablogrossi/Desktop/geometry/.lake/packages/mathlib/.lake/build/lib/lean/Mathlib/Tactic/Norm_num.olean' of module Mathlib.Tactic.Norm_num does not exist

  0 ok, 1 failed
[  67/ 280] /Users/pablogrossi/Desktop/AXLE/NASA/MoonBase/AXLE_lean_files/AutophagyDm3_v2.lean
project:   /Users/pablogrossi/Desktop/geometry  (leanprover/lean4:v4.32.0)
mathlib:   leanprover/lean4:v4.32.0

  FAIL     2s  AutophagyDm3_v2.lean  (1 errors)
          /Users/pablogrossi/Desktop/AXLE/NASA/MoonBase/AXLE_lean_files/AutophagyDm3_v2.lean:68:0: error: invalid 'import' command, it must be used in the beginning of the file

  0 ok, 1 failed
[  68/ 280] /Users/pablogrossi/Desktop/AXLE/NASA/MoonBase/AXLE_lean_files/Main_v6.lean
project:   /Users/pablogrossi/Desktop/geometry  (leanprover/lean4:v4.32.0)
mathlib:   leanprover/lean4:v4.32.0

  FAIL     2s  Main_v6.lean  (1 errors)
          /Users/pablogrossi/Desktop/AXLE/NASA/MoonBase/AXLE_lean_files/Main_v6.lean:95:0: error: object file '/Users/pablogrossi/Desktop/geometry/.lake/packages/mathlib/.lake/build/lib/lean/Mathlib/Order/Ordinal/Basic.olean' of module Mathlib.Order.Ordinal.Basic does not exist

  0 ok, 1 failed
[  69/ 280] /Users/pablogrossi/Desktop/AXLE/NASA/MoonBase/AXLE_lean_files/MultiAgentTogt.lean
project:   /Users/pablogrossi/Desktop/geometry  (leanprover/lean4:v4.32.0)
mathlib:   leanprover/lean4:v4.32.0

  FAIL     4s  MultiAgentTogt.lean  (1 errors)
          /Users/pablogrossi/Desktop/AXLE/NASA/MoonBase/AXLE_lean_files/MultiAgentTogt.lean:46:0: error: object file '/Users/pablogrossi/Desktop/geometry/.lake/packages/mathlib/.lake/build/lib/lean/Mathlib/Tactic/Norm_num.olean' of module Mathlib.Tactic.Norm_num does not exist

  0 ok, 1 failed
[  70/ 280] /Users/pablogrossi/Desktop/AXLE/NASA/MoonBase/AXLE_lean_files/MultiOrbitBioSwarm.lean
project:   /Users/pablogrossi/Desktop/geometry  (leanprover/lean4:v4.32.0)
mathlib:   leanprover/lean4:v4.32.0

  FAIL     4s  MultiOrbitBioSwarm.lean  (1 errors)
          /Users/pablogrossi/Desktop/AXLE/NASA/MoonBase/AXLE_lean_files/MultiOrbitBioSwarm.lean:53:0: error: invalid 'import' command, it must be used in the beginning of the file

  0 ok, 1 failed
[  71/ 280] /Users/pablogrossi/Desktop/AXLE/NASA/MoonBase/AXLE_lean_files/PrincipiaVol1.lean
project:   /Users/pablogrossi/Desktop/geometry  (leanprover/lean4:v4.32.0)
mathlib:   leanprover/lean4:v4.32.0

  FAIL    69s  PrincipiaVol1.lean  (58 errors)
          /Users/pablogrossi/Desktop/AXLE/NASA/MoonBase/AXLE_lean_files/PrincipiaVol1.lean:183:31: error: Application type mismatch: The argument
            M.metric
          has type
            MetricSpace M.carrier
          but is expected to have type
            Dist ?m.3
          in the application
            @dist ?m.3 M.metric
          /Users/pablogrossi/Desktop/AXLE/NASA/MoonBase/AXLE_lean_files/PrincipiaVol1.lean:183:66: error: Application type mismatch: The argument
            M.metric
          has type
            MetricSpace M.carrier
          but is expected to have type
            Dist ?m.4
          in the application
            @dist ?m.4 M.metric
          /Users/pablogrossi/Desktop/AXLE/NASA/MoonBase/AXLE_lean_files/PrincipiaVol1.lean:217:13: error: unexpected token ';'; expected command
          /Users/pablogrossi/Desktop/AXLE/NASA/MoonBase/AXLE_lean_files/PrincipiaVol1.lean:223:27: error: `mu_max` is not a field of structure `Dm3Triple`
          /Users/pablogrossi/Desktop/AXLE/NASA/MoonBase/AXLE_lean_files/PrincipiaVol1.lean:223:42: error: `tau` is not a field of structure `Dm3Triple`
          /Users/pablogrossi/Desktop/AXLE/NASA/MoonBase/AXLE_lean_files/PrincipiaVol1.lean:224:2: error: `stable` is not a field of structure `Dm3Triple`
          /Users/pablogrossi/Desktop/AXLE/NASA/MoonBase/AXLE_lean_files/PrincipiaVol1.lean:225:2: error: `tau_pos` is not a field of structure `Dm3Triple`
          /Users/pablogrossi/Desktop/AXLE/NASA/MoonBase/AXLE_lean_files/PrincipiaVol1.lean:222:4: error(lean.dependsOnNoncomputable): failed to compile definition, consider marking it as 'noncomputable' because it depends on 'Real.pi', which is 'noncomputable'
          /Users/pablogrossi/Desktop/AXLE/NASA/MoonBase/AXLE_lean_files/PrincipiaVol1.lean:227:4: error(lean.dependsOnNoncomputable): failed to compile definition, consider marking it as 'noncomputable' because it depends on 'Real.instDivInvMonoid', which is 'noncomputable'
          /Users/pablogrossi/Desktop/AXLE/NASA/MoonBase/AXLE_lean_files/PrincipiaVol1.lean:230:41: error(lean.invalidField): Invalid field `tau`: The environment does not contain `PrincipiaVol1.Dm3Triple.tau`, so it is not possible to project the field `tau` from an expression
            canonicalTriple
          of type `Dm3Triple`
          /Users/pablogrossi/Desktop/AXLE/NASA/MoonBase/AXLE_lean_files/PrincipiaVol1.lean:230:74: error: unsolved goals
          ⊢ sorry () * (1 / 3) = 2 / 3
          /Users/pablogrossi/Desktop/AXLE/NASA/MoonBase/AXLE_lean_files/PrincipiaVol1.lean:231:8: warning: This simp argument is unused:
            canonicalTriple
          
          Hint: Omit it from the simp argument list.
            simp [c̵a̵n̵o̵n̵i̵c̵a̵l̵T̵r̵i̵p̵l̵e̵,̵ ̵stabilityRadius]
          
          Note: This linter can be disabled with `set_option linter.unusedSimpArgs false`
          /Users/pablogrossi/Desktop/AXLE/NASA/MoonBase/AXLE_lean_files/PrincipiaVol1.lean:248:21: error(lean.invalidField): Invalid field `mu_max`: The environment does not contain `PrincipiaVol1.Dm3Triple.mu_max`, so it is not possible to project the field `mu_max` from an expression
            canonicalTriple
          of type `Dm3Triple`
          /Users/pablogrossi/Desktop/AXLE/NASA/MoonBase/AXLE_lean_files/PrincipiaVol1.lean:249:13: warning: This simp argument is unused:
            canonicalTriple
          
          Hint: Omit it from the simp argument list.
            simp only [c̵a̵n̵o̵n̵i̵c̵a̵l̵T̵r̵i̵p̵l̵e̵,̵ ̵stabilityRadius] at *
          
          Note: This linter can be disabled with `set_option linter.unusedSimpArgs false`
          /Users/pablogrossi/Desktop/AXLE/NASA/MoonBase/AXLE_lean_files/PrincipiaVol1.lean:263:19: error(lean.synthInstanceFailed): failed to synthesize instance of type class
            OfNat (Fin n) 0
          numerals are polymorphic in Lean, but the numeral `0` cannot be used in a context where the expected type is
            Fin n
          due to the absence of the instance above
          
          Hint: Type class instance resolution failures can be inspected with the `set_option trace.Meta.synthInstance true` command.
          Try this:
            [apply] ring_nf
            
            The `ring` tactic failed to close the goal. Use `ring_nf` to obtain a normal form.
              
            Note that `ring` works primarily in *commutative* rings. If you have a noncommutative ring, abelian group or module, consider using `noncomm_ring`, `abel` or `module` instead.
          /Users/pablogrossi/Desktop/AXLE/NASA/MoonBase/AXLE_lean_files/PrincipiaVol1.lean:291:80: error: unsolved goals
          n : ℕ
          hn : n < 33
          hn_pos : 0 < n
          M : Matrix (Fin n) (Fin n) ℝ
          hM : ∀ (i : Fin n), i ≠ ⟨0, hn_pos⟩ → |M i i| ≤ Real.exp (-12)
          h00 : M ⟨0, hn_pos⟩ ⟨0, hn_pos⟩ = 1
          ⊢ ∑ x ∈ Finset.univ.erase ⟨0, hn_pos⟩, M.diag x + M.diag ⟨0, hn_pos⟩ =
              M ⟨0, hn_pos⟩ ⟨0, hn_pos⟩ + ∑ i ∈ Finset.univ.erase ⟨0, hn_pos⟩, M i i
          /Users/pablogrossi/Desktop/AXLE/NASA/MoonBase/AXLE_lean_files/PrincipiaVol1.lean:301:16: error(lean.unknownIdentifier): Unknown constant `Real.exp_one_gt_d9`
          /Users/pablogrossi/Desktop/AXLE/NASA/MoonBase/AXLE_lean_files/PrincipiaVol1.lean:304:47: error: unsolved goals
          n : ℕ

  0 ok, 1 failed
[  72/ 280] /Users/pablogrossi/Desktop/AXLE/NASA/MoonBase/AXLE_lean_files/TribonacciDNLS.lean
project:   /Users/pablogrossi/Desktop/geometry  (leanprover/lean4:v4.32.0)
mathlib:   leanprover/lean4:v4.32.0

  FAIL     5s  TribonacciDNLS.lean  (1 errors)
          /Users/pablogrossi/Desktop/AXLE/NASA/MoonBase/AXLE_lean_files/TribonacciDNLS.lean:35:0: error: invalid 'import' command, it must be used in the beginning of the file

  0 ok, 1 failed
[  73/ 280] /Users/pablogrossi/Desktop/AXLE/NASA/MoonBase/AXLE_lean_files/VolumeTwo.lean
project:   /Users/pablogrossi/Desktop/geometry  (leanprover/lean4:v4.32.0)
mathlib:   leanprover/lean4:v4.32.0

  FAIL    37s  VolumeTwo.lean  (9 errors)
          /Users/pablogrossi/Desktop/AXLE/NASA/MoonBase/AXLE_lean_files/VolumeTwo.lean:25:57: error: unexpected token 'variable'; expected 'lemma'
          /Users/pablogrossi/Desktop/AXLE/NASA/MoonBase/AXLE_lean_files/VolumeTwo.lean:56:53: warning: Variable name `hf` is not explicitly referenced.
          
          The binding can be removed (if unused) or named `_` (if used implicitly).
          
          Note: This linter can be disabled with `set_option linter.unusedVariables false`
          /Users/pablogrossi/Desktop/AXLE/NASA/MoonBase/AXLE_lean_files/VolumeTwo.lean:61:55: warning: Variable name `hc` is not explicitly referenced.
          
          The binding can be removed (if unused) or named `_` (if used implicitly).
          
          Note: This linter can be disabled with `set_option linter.unusedVariables false`
          /Users/pablogrossi/Desktop/AXLE/NASA/MoonBase/AXLE_lean_files/VolumeTwo.lean:61:68: warning: Variable name `hk` is not explicitly referenced.
          
          The binding can be removed (if unused) or named `_` (if used implicitly).
          
          --
          /Users/pablogrossi/Desktop/AXLE/NASA/MoonBase/AXLE_lean_files/VolumeTwo.lean:77:6: error: Tactic `rewrite` failed: Did not find an occurrence of the pattern
            4 / 1
          in the target expression
            √4 = 2
          
          ⊢ √4 = 2
          /Users/pablogrossi/Desktop/AXLE/NASA/MoonBase/AXLE_lean_files/VolumeTwo.lean:100:10: error(lean.unknownIdentifier): Unknown constant `Real.exp_lt_one_of_neg`
          /Users/pablogrossi/Desktop/AXLE/NASA/MoonBase/AXLE_lean_files/VolumeTwo.lean:101:4: error: No goals to be solved
          /Users/pablogrossi/Desktop/AXLE/NASA/MoonBase/AXLE_lean_files/VolumeTwo.lean:109:2: error: `simp` made no progress
          /Users/pablogrossi/Desktop/AXLE/NASA/MoonBase/AXLE_lean_files/VolumeTwo.lean:148:5: warning: Variable name `hm` is not explicitly referenced.
          
          The binding can be removed (if unused) or named `_` (if used implicitly).
          
          Note: This linter can be disabled with `set_option linter.unusedVariables false`
          /Users/pablogrossi/Desktop/AXLE/NASA/MoonBase/AXLE_lean_files/VolumeTwo.lean:148:27: warning: Variable name `hh` is not explicitly referenced.
          
          The binding can be removed (if unused) or named `_` (if used implicitly).
          
          Note: This linter can be disabled with `set_option linter.unusedVariables false`
          /Users/pablogrossi/Desktop/AXLE/NASA/MoonBase/AXLE_lean_files/VolumeTwo.lean:201:5: warning: Variable name `hS` is not explicitly referenced.
          
          The binding can be removed (if unused) or named `_` (if used implicitly).
          
          --
          /Users/pablogrossi/Desktop/AXLE/NASA/MoonBase/AXLE_lean_files/VolumeTwo.lean:350:47: error(lean.unknownIdentifier): Unknown constant `Module.Finite`
          /Users/pablogrossi/Desktop/AXLE/NASA/MoonBase/AXLE_lean_files/VolumeTwo.lean:389:21: error: Function expected at
            nijenhuisEval
          but this term has type
            ?m.9
          
          Note: Expected a function because this term is being applied to the argument
            X
          
          Hint: The identifier `nijenhuisEval` is unknown, and Lean's `autoImplicit` option causes an unknown identifier to be treated as an implicitly bound variable with an unknown type. However, the unknown type cannot be a function, and a function is what Lean expects here. This is often the result of a typo or a missing `import` or `open` statement.
          /Users/pablogrossi/Desktop/AXLE/NASA/MoonBase/AXLE_lean_files/VolumeTwo.lean:390:8: error: Function expected at
            nijenhuisEval
          but this term has type
            ?m.9
          
          Note: Expected a function because this term is being applied to the argument
            X
          
          Hint: The identifier `nijenhuisEval` is unknown, and Lean's `autoImplicit` option causes an unknown identifier to be treated as an implicitly bound variable with an unknown type. However, the unknown type cannot be a function, and a function is what Lean expects here. This is often the result of a typo or a missing `import` or `open` statement.
          /Users/pablogrossi/Desktop/AXLE/NASA/MoonBase/AXLE_lean_files/VolumeTwo.lean:391:2: error: unexpected token 'where'; expected command
          /Users/pablogrossi/Desktop/AXLE/NASA/MoonBase/AXLE_lean_files/VolumeTwo.lean:402:10: warning: Variable name `X` is not explicitly referenced.
          
          The binding can be removed (if unused) or named `_` (if used implicitly).
          
          Note: This linter can be disabled with `set_option linter.unusedVariables false`
          /Users/pablogrossi/Desktop/AXLE/NASA/MoonBase/AXLE_lean_files/VolumeTwo.lean:402:12: warning: Variable name `Y` is not explicitly referenced.
          
          The binding can be removed (if unused) or named `_` (if used implicitly).
          
          Note: This linter can be disabled with `set_option linter.unusedVariables false`

  0 ok, 1 failed
[  74/ 280] /Users/pablogrossi/Desktop/AXLE/Papers/AutophagyDm3.lean
project:   /Users/pablogrossi/Desktop/geometry  (leanprover/lean4:v4.32.0)
mathlib:   leanprover/lean4:v4.32.0

  FAIL     4s  AutophagyDm3.lean  (1 errors)
          /Users/pablogrossi/Desktop/AXLE/Papers/AutophagyDm3.lean:59:0: error: invalid 'import' command, it must be used in the beginning of the file

  0 ok, 1 failed
[  75/ 280] /Users/pablogrossi/Desktop/AXLE/PrincipiaOrthogona1/PrincipiaVol1.lean
project:   /Users/pablogrossi/Desktop/geometry  (leanprover/lean4:v4.32.0)
mathlib:   leanprover/lean4:v4.32.0

  FAIL     6s  PrincipiaVol1.lean  (1 errors)
          /Users/pablogrossi/Desktop/AXLE/PrincipiaOrthogona1/PrincipiaVol1.lean:141:0: error: object file '/Users/pablogrossi/Desktop/geometry/.lake/packages/mathlib/.lake/build/lib/lean/Mathlib/Data/Complex/ExponentialBounds.olean' of module Mathlib.Data.Complex.ExponentialBounds does not exist

  0 ok, 1 failed
[  76/ 280] /Users/pablogrossi/Desktop/AXLE/SWARM/SwarmSimulator.lean
project:   /Users/pablogrossi/Desktop/geometry  (leanprover/lean4:v4.32.0)
mathlib:   leanprover/lean4:v4.32.0

  FAIL    62s  SwarmSimulator.lean  (9 errors)
          /Users/pablogrossi/Desktop/AXLE/SWARM/SwarmSimulator.lean:198:8: error: Tactic `apply` failed: could not unify the conclusion of `@mul_le_mul_of_nonneg_right`
            ?b * ?a ≤ ?c * ?a
          with the goal
            I * p.f_types * p.f_agents ≤ I * 1 * 1
          
          Note: The full type of `@mul_le_mul_of_nonneg_right` is
            ∀ {α : Type ?u.110} [inst : Mul α] [inst_1 : Zero α] [inst_2 : Preorder α] {a b c : α} [MulPosMono α],
              b ≤ c → 0 ≤ a → b * a ≤ c * a
          
          case hbc
          I : ℝ
          hI : 0 < I
          p : SwarmParams
          hft : p.f_types ≤ 1
          hfa : p.f_agents ≤ 1
          --
          /Users/pablogrossi/Desktop/AXLE/SWARM/SwarmSimulator.lean:213:6: error(lean.unknownIdentifier): Unknown identifier `div_le_iff`
          /Users/pablogrossi/Desktop/AXLE/SWARM/SwarmSimulator.lean:210:32: error: unsolved goals
          C I_new : ℝ
          hC : 0 < C
          hI : 0 < I_new
          hI1 : I_new ≤ 1
          p : SwarmParams
          hdrag : 0 < 1 + p.drag
          ⊢ C * I_new / (1 + p.drag) ≤ C
          /Users/pablogrossi/Desktop/AXLE/SWARM/SwarmSimulator.lean:240:8: error: Tactic `apply` failed: could not unify the type of `mul_lt_one_of_nonneg_of_lt_one_left (le_of_lt hL1') hL1 ?m.61`
            L1 * ?m.55 < 1
          with the goal
            L1 * L2 < 1 * 1
          
          L1 L2 : ℝ
          hL1 : L1 < 1
          hL2 : L2 < 1
          hL1' : 0 < L1
          hL2' : 0 < L2
          ⊢ L1 * L2 < 1 * 1
          /Users/pablogrossi/Desktop/AXLE/SWARM/SwarmSimulator.lean:259:27: error(lean.synthInstanceFailed): failed to synthesize instance of type class
            OfNat (Fin k) 0
          numerals are polymorphic in Lean, but the numeral `0` cannot be used in a context where the expected type is
            Fin k
          due to the absence of the instance above
          
          Hint: Type class instance resolution failures can be inspected with the `set_option trace.Meta.synthInstance true` command.
          /Users/pablogrossi/Desktop/AXLE/SWARM/SwarmSimulator.lean:270:2: error: linarith failed to find a contradiction
          k : ℕ
          hk : 0 < k
          S : MultiOrbitSystem k
          i : Fin k
          hmem : i ∈ Finset.univ
          hle : S.inv i ≤ Finset.univ.sup' ⋯ S.inv
          a✝ : sorry S ≤ S.inv i
          ⊢ False
          failed
          /Users/pablogrossi/Desktop/AXLE/SWARM/SwarmSimulator.lean:304:2: error: failed to synthesize
            Fintype ℕ
          
          Hint: Additional diagnostic information may be available using the `set_option diagnostics true` command.
          /Users/pablogrossi/Desktop/AXLE/SWARM/SwarmSimulator.lean:304:18: error: failed to synthesize
            Fintype ℕ
          
          Hint: Additional diagnostic information may be available using the `set_option diagnostics true` command.
          /Users/pablogrossi/Desktop/AXLE/SWARM/SwarmSimulator.lean:294:34: error: unsolved goals
          case h
          i : ℕ
          hi : i < 4
          j : ℕ
          hj : j < 4
          heq :
            (match ⟨i, hi⟩ with
              | ⟨0, isLt⟩ => { I := 1, C := 0, M := 0, F := 0 }

  0 ok, 1 failed
[  77/ 280] /Users/pablogrossi/Desktop/AXLE/TribonacciRatioConvergence.lean
project:   /Users/pablogrossi/Desktop/geometry  (leanprover/lean4:v4.32.0)
mathlib:   leanprover/lean4:v4.32.0

  FAIL    11s  TribonacciRatioConvergence.lean  (1 errors)
          /Users/pablogrossi/Desktop/AXLE/TribonacciRatioConvergence.lean:20:0: error: object file '/Users/pablogrossi/Desktop/geometry/.lake/packages/mathlib/.lake/build/lib/lean/Mathlib/Data/Matrix/Notation.olean' of module Mathlib.Data.Matrix.Notation does not exist

  0 ok, 1 failed
[  78/ 280] /Users/pablogrossi/Desktop/AXLE/TripleChamber.lean
project:   /Users/pablogrossi/Desktop/geometry  (leanprover/lean4:v4.32.0)
mathlib:   leanprover/lean4:v4.32.0

  FAIL    52s  TripleChamber.lean  (7 errors)
          /Users/pablogrossi/Desktop/AXLE/TripleChamber.lean:47:17: error: unexpected token 'λ'; expected identifier
          /Users/pablogrossi/Desktop/AXLE/TripleChamber.lean:58:37: error: unexpected token ')'; expected '↦', '=>'
          /Users/pablogrossi/Desktop/AXLE/TripleChamber.lean:83:5: error: unexpected token 'λ'; expected '_' or identifier
          /Users/pablogrossi/Desktop/AXLE/TripleChamber.lean:91:19: error: unexpected token '<'; expected '↦', '=>'
          /Users/pablogrossi/Desktop/AXLE/TripleChamber.lean:110:10: error: linarith failed to find a contradiction
          ω₀ κ δ : ℝ
          hω : 0 < ω₀
          hκ : 0 < κ
          hδ : 0 < δ
          hbound : κ * δ < 1
          a✝ : 1 ≤ 1 - κ * δ
          ⊢ False
          failed
          /Users/pablogrossi/Desktop/AXLE/TripleChamber.lean:127:18: error: unexpected token '='; expected '↦', '=>'
          /Users/pablogrossi/Desktop/AXLE/TripleChamber.lean:156:2: error: No goals to be solved

  0 ok, 1 failed
[  79/ 280] /Users/pablogrossi/Desktop/AXLE/TwinPrime_dm3.lean
project:   /Users/pablogrossi/Desktop/geometry  (leanprover/lean4:v4.32.0)
mathlib:   leanprover/lean4:v4.32.0

  FAIL    45s  TwinPrime_dm3.lean  (4 errors)
          /Users/pablogrossi/Desktop/AXLE/TwinPrime_dm3.lean:114:26: error(lean.unknownIdentifier): Unknown constant `Real.sqrt_eq_iff_sq_eq`
          /Users/pablogrossi/Desktop/AXLE/TwinPrime_dm3.lean:111:16: error: unsolved goals
          M : PrimeContactManifold
          h_zhang : ∀ (N : ℕ), ∃ p, N < p ∧ Nat.Prime p ∧ Nat.Prime (p + 246)
          h_lam_zhang : M.lambda = 2 / 246
          N p : ℕ
          hN : N < p
          hp : Nat.Prime p
          hq : Nat.Prime (p + 246)
          ⊢ 123 ≤ √246
          /Users/pablogrossi/Desktop/AXLE/TwinPrime_dm3.lean:114:10: warning: This simp argument is unused:
            Real.sqrt_div'
          
          Hint: Omit it from the simp argument list.
            simp [̵R̵e̵a̵l̵.̵s̵q̵r̵t̵_̵d̵i̵v̵'̵,̵ ̵R̵e̵a̵l̵.̵s̵q̵r̵t̵_̵e̵q̵_̵i̵f̵f̵_̵s̵q̵_̵e̵q̵]̵[̲R̲e̲a̲l̲.̲s̲q̲r̲t̲_̲e̲q̲_̲i̲f̲f̲_̲s̲q̲_̲e̲q̲]̲
          
          --
          /Users/pablogrossi/Desktop/AXLE/TwinPrime_dm3.lean:148:8: error(lean.unknownIdentifier): Unknown constant `Real.sqrt_eq_one'`
          /Users/pablogrossi/Desktop/AXLE/TwinPrime_dm3.lean:148:27: warning: This simp argument is unused:
            div_self (ne_of_gt (by norm_num : (0 : ℝ) < 2))
          
          Hint: Omit it from the simp argument list.
            simp [Real.sqrt_eq_one',̵ ̵d̵i̵v̵_̵s̵e̵l̵f̵ ̵(̵n̵e̵_̵o̵f̵_̵g̵t̵ ̵(̵b̵y̵ ̵n̵o̵r̵m̵_̵n̵u̵m̵ ̵:̵ ̵(̵0̵:̵ℝ̵)̵ ̵<̵ ̵2̵)̵)̵]
          
          Note: This linter can be disabled with `set_option linter.unusedSimpArgs false`
          /Users/pablogrossi/Desktop/AXLE/TwinPrime_dm3.lean:158:29: error: unexpected token 'λ'; expected '_' or identifier
          /Users/pablogrossi/Desktop/AXLE/TwinPrime_dm3.lean:186:36: warning: Variable name `hp` is not explicitly referenced.
          
          The binding can be removed (if unused) or named `_` (if used implicitly).
          
          Note: This linter can be disabled with `set_option linter.unusedVariables false`
          /Users/pablogrossi/Desktop/AXLE/TwinPrime_dm3.lean:186:55: warning: Variable name `h_rh` is not explicitly referenced.
          
          The binding can be removed (if unused) or named `_` (if used implicitly).
          
          Note: This linter can be disabled with `set_option linter.unusedVariables false`

  0 ok, 1 failed
[  80/ 280] /Users/pablogrossi/Desktop/AXLE/WaveNumber6/Wavenumber6.lean
project:   /Users/pablogrossi/Desktop/geometry  (leanprover/lean4:v4.32.0)
mathlib:   leanprover/lean4:v4.32.0

  FAIL     5s  Wavenumber6.lean  (1 errors)
          /Users/pablogrossi/Desktop/AXLE/WaveNumber6/Wavenumber6.lean:60:0: error: invalid 'import' command, it must be used in the beginning of the file

  0 ok, 1 failed
[  81/ 280] /Users/pablogrossi/Desktop/AXLE/a.PolyLaminin/AutophagyDm3.lean
project:   /Users/pablogrossi/Desktop/geometry  (leanprover/lean4:v4.32.0)
mathlib:   leanprover/lean4:v4.32.0

  FAIL     1s  AutophagyDm3.lean  (1 errors)
          /Users/pablogrossi/Desktop/AXLE/a.PolyLaminin/AutophagyDm3.lean:59:0: error: invalid 'import' command, it must be used in the beginning of the file

  0 ok, 1 failed
[  82/ 280] /Users/pablogrossi/Desktop/AXLE/dm3-dual-cavity/dm3-dual-cavity/TripleChamber.lean
project:   /Users/pablogrossi/Desktop/geometry  (leanprover/lean4:v4.32.0)
mathlib:   leanprover/lean4:v4.32.0

  FAIL    36s  TripleChamber.lean  (7 errors)
          /Users/pablogrossi/Desktop/AXLE/dm3-dual-cavity/dm3-dual-cavity/TripleChamber.lean:47:17: error: unexpected token 'λ'; expected identifier
          /Users/pablogrossi/Desktop/AXLE/dm3-dual-cavity/dm3-dual-cavity/TripleChamber.lean:58:37: error: unexpected token ')'; expected '↦', '=>'
          /Users/pablogrossi/Desktop/AXLE/dm3-dual-cavity/dm3-dual-cavity/TripleChamber.lean:83:5: error: unexpected token 'λ'; expected '_' or identifier
          /Users/pablogrossi/Desktop/AXLE/dm3-dual-cavity/dm3-dual-cavity/TripleChamber.lean:91:19: error: unexpected token '<'; expected '↦', '=>'
          /Users/pablogrossi/Desktop/AXLE/dm3-dual-cavity/dm3-dual-cavity/TripleChamber.lean:110:10: error: linarith failed to find a contradiction
          ω₀ κ δ : ℝ
          hω : 0 < ω₀
          hκ : 0 < κ
          hδ : 0 < δ
          hbound : κ * δ < 1
          a✝ : 1 ≤ 1 - κ * δ
          ⊢ False
          failed
          /Users/pablogrossi/Desktop/AXLE/dm3-dual-cavity/dm3-dual-cavity/TripleChamber.lean:127:18: error: unexpected token '='; expected '↦', '=>'
          /Users/pablogrossi/Desktop/AXLE/dm3-dual-cavity/dm3-dual-cavity/TripleChamber.lean:156:2: error: No goals to be solved

  0 ok, 1 failed
[  83/ 280] /Users/pablogrossi/Desktop/AXLE/lean/1finite.lean
project:   /Users/pablogrossi/Desktop/geometry  (leanprover/lean4:v4.32.0)
mathlib:   leanprover/lean4:v4.32.0

  FAIL     4s  1finite.lean  (1 errors)
          /Users/pablogrossi/Desktop/AXLE/lean/1finite.lean:4:0: error: object file '/Users/pablogrossi/Desktop/geometry/.lake/packages/mathlib/.lake/build/lib/lean/Mathlib/MeasureTheory/Measure/Lebesgue.olean' of module Mathlib.MeasureTheory.Measure.Lebesgue does not exist

  0 ok, 1 failed
[  84/ 280] /Users/pablogrossi/Desktop/AXLE/lean/AXLE.lean
project:   /Users/pablogrossi/Desktop/geometry  (leanprover/lean4:v4.32.0)
mathlib:   leanprover/lean4:v4.32.0

  FAIL     1s  AXLE.lean  (1 errors)
          /Users/pablogrossi/Desktop/AXLE/lean/AXLE.lean:21:0: error: object file '/Users/pablogrossi/Desktop/geometry/.lake/packages/mathlib/.lake/build/lib/lean/Mathlib/Order/Ordinal/Basic.olean' of module Mathlib.Order.Ordinal.Basic does not exist

  0 ok, 1 failed
[  85/ 280] /Users/pablogrossi/Desktop/AXLE/lean/AXLE_V8.lean
project:   /Users/pablogrossi/Desktop/geometry  (leanprover/lean4:v4.32.0)
mathlib:   leanprover/lean4:v4.32.0

  FAIL     1s  AXLE_V8.lean  (1 errors)
          /Users/pablogrossi/Desktop/AXLE/lean/AXLE_V8.lean:9:0: error: object file '/Users/pablogrossi/Desktop/geometry/.lake/packages/mathlib/.lake/build/lib/lean/Mathlib/Order/Ordinal/Basic.olean' of module Mathlib.Order.Ordinal.Basic does not exist

  0 ok, 1 failed
[  86/ 280] /Users/pablogrossi/Desktop/AXLE/lean/ContactHopf.lean
project:   /Users/pablogrossi/Desktop/geometry  (leanprover/lean4:v4.32.0)
mathlib:   leanprover/lean4:v4.32.0

  FAIL     2s  ContactHopf.lean  (1 errors)
          /Users/pablogrossi/Desktop/AXLE/lean/ContactHopf.lean:41:0: error: invalid 'import' command, it must be used in the beginning of the file

  0 ok, 1 failed
[  87/ 280] /Users/pablogrossi/Desktop/AXLE/lean/Crystal/G6.lean
project:   /Users/pablogrossi/Desktop/geometry  (leanprover/lean4:v4.32.0)
mathlib:   leanprover/lean4:v4.32.0

  FAIL     2s  G6.lean  (1 errors)
          /Users/pablogrossi/Desktop/AXLE/lean/Crystal/G6.lean:1:0: error: object file '/Users/pablogrossi/Desktop/geometry/.lake/packages/mathlib/.lake/build/lib/lean/Mathlib/LinearAlgebra/Matrix/Basic.olean' of module Mathlib.LinearAlgebra.Matrix.Basic does not exist

  0 ok, 1 failed
[  88/ 280] /Users/pablogrossi/Desktop/AXLE/lean/Dm3Arithmetic.lean
project:   /Users/pablogrossi/Desktop/geometry  (leanprover/lean4:v4.32.0)
mathlib:   leanprover/lean4:v4.32.0

  FAIL     2s  Dm3Arithmetic.lean  (1 errors)
          /Users/pablogrossi/Desktop/AXLE/lean/Dm3Arithmetic.lean:42:0: error: invalid 'import' command, it must be used in the beginning of the file

  0 ok, 1 failed
[  89/ 280] /Users/pablogrossi/Desktop/AXLE/lean/Dm3Arithmetic_fixed.lean
project:   /Users/pablogrossi/Desktop/geometry  (leanprover/lean4:v4.32.0)
mathlib:   leanprover/lean4:v4.32.0

  FAIL     1s  Dm3Arithmetic_fixed.lean  (1 errors)
          /Users/pablogrossi/Desktop/AXLE/lean/Dm3Arithmetic_fixed.lean:48:0: error: invalid 'import' command, it must be used in the beginning of the file

  0 ok, 1 failed
[  90/ 280] /Users/pablogrossi/Desktop/AXLE/lean/ExistenceWellPosedness.lean
project:   /Users/pablogrossi/Desktop/geometry  (leanprover/lean4:v4.32.0)
mathlib:   leanprover/lean4:v4.32.0

  FAIL     0s  ExistenceWellPosedness.lean  (1 errors)
          /Users/pablogrossi/Desktop/AXLE/lean/ExistenceWellPosedness.lean:24:0: error: invalid 'import' command, it must be used in the beginning of the file

  0 ok, 1 failed
[  91/ 280] /Users/pablogrossi/Desktop/AXLE/lean/FiniteBranching.lean
project:   /Users/pablogrossi/Desktop/geometry  (leanprover/lean4:v4.32.0)
mathlib:   leanprover/lean4:v4.32.0

  FAIL     1s  FiniteBranching.lean  (1 errors)
          /Users/pablogrossi/Desktop/AXLE/lean/FiniteBranching.lean:27:0: error: invalid 'import' command, it must be used in the beginning of the file

  0 ok, 1 failed
[  92/ 280] /Users/pablogrossi/Desktop/AXLE/lean/Invariant75.lean
project:   /Users/pablogrossi/Desktop/geometry  (leanprover/lean4:v4.32.0)
mathlib:   leanprover/lean4:v4.32.0

  FAIL     1s  Invariant75.lean  (1 errors)
          /Users/pablogrossi/Desktop/AXLE/lean/Invariant75.lean:26:0: error: invalid 'import' command, it must be used in the beginning of the file

  0 ok, 1 failed
[  93/ 280] /Users/pablogrossi/Desktop/AXLE/lean/Main.lean
project:   /Users/pablogrossi/Desktop/geometry  (leanprover/lean4:v4.32.0)
mathlib:   leanprover/lean4:v4.32.0

  FAIL    40s  Main.lean  (59 errors)
          /Users/pablogrossi/Desktop/AXLE/lean/Main.lean:35:4: error(lean.unknownIdentifier): Unknown constant `Ordinal.sup`
          /Users/pablogrossi/Desktop/AXLE/lean/Main.lean:46:43: error(lean.unknownIdentifier): Unknown constant `Ordinal.IsLimit`
          /Users/pablogrossi/Desktop/AXLE/lean/Main.lean:63:4: error(lean.unknownIdentifier): Unknown constant `Ordinal.IsLimit`
          /Users/pablogrossi/Desktop/AXLE/lean/Main.lean:65:2: error: No goals to be solved
          /Users/pablogrossi/Desktop/AXLE/lean/Main.lean:80:12: error(lean.synthInstanceFailed): failed to synthesize instance of type class
            HAdd Ordinal.{u_1} (Ordinal.{?u.14} ↪o Ordinal.{?u.14}) ?m.10
          
          Hint: Type class instance resolution failures can be inspected with the `set_option trace.Meta.synthInstance true` command.
          /Users/pablogrossi/Desktop/AXLE/lean/Main.lean:81:13: error(lean.unknownIdentifier): Unknown constant `Ordinal.lt_add_of_pos_right`
          /Users/pablogrossi/Desktop/AXLE/lean/Main.lean:82:13: error(lean.unknownIdentifier): Unknown constant `Ordinal.IsLimit.add_right`
          /Users/pablogrossi/Desktop/AXLE/lean/Main.lean:88:24: error(lean.unknownIdentifier): Unknown constant `Ordinal.IsLimit`
          /Users/pablogrossi/Desktop/AXLE/lean/Main.lean:89:27: error: Type mismatch
            α.card.ord
          has type
            Ordinal.{?u.7}
          but is expected to have type
            Ordinal.{?u.7} ↪o Ordinal.{?u.7}
          /Users/pablogrossi/Desktop/AXLE/lean/Main.lean:91:4: error(lean.unknownIdentifier): Unknown constant `Ordinal.sup`
          /Users/pablogrossi/Desktop/AXLE/lean/Main.lean:92:8: error(lean.unknownIdentifier): Unknown constant `Ordinal.sup_lt_ord`
          /Users/pablogrossi/Desktop/AXLE/lean/Main.lean:93:2: error: No goals to be solved
          /Users/pablogrossi/Desktop/AXLE/lean/Main.lean:109:24: error(lean.unknownIdentifier): Unknown constant `Ordinal.IsLimit`
          /Users/pablogrossi/Desktop/AXLE/lean/Main.lean:110:27: error: Type mismatch
            α.card.ord
          has type
            Ordinal.{?u.7}
          but is expected to have type
            Ordinal.{?u.7} ↪o Ordinal.{?u.7}
          /Users/pablogrossi/Desktop/AXLE/lean/Main.lean:125:6: error: Application type mismatch: The argument
            (Classical.choose_spec (step (if k = 0 then 0 else sk) ?m.103)).left
          has type
            Classical.choose ⋯ < α
          but is expected to have type
            sk < α
          in the application
            step sk (Classical.choose_spec (step (if k = 0 then 0 else sk) ?m.103)).left
          /Users/pablogrossi/Desktop/AXLE/lean/Main.lean:130:22: error: Type mismatch
            (Classical.choose_spec (step 0 hα0)).left
          has type
            Classical.choose ⋯ < α
          but is expected to have type
            sk < α
          /Users/pablogrossi/Desktop/AXLE/lean/Main.lean:131:24: error: Type mismatch
            (Classical.choose_spec (step (Classical.choose (step 0 hα0)) (Classical.choose_spec (step 0 hα0)).left)).left
          has type
            Classical.choose ⋯ < α
          but is expected to have type
            sk < α
          /Users/pablogrossi/Desktop/AXLE/lean/Main.lean:143:17: error: Type mismatch
            hc₀α
          has type
            c₀ < α
          but is expected to have type
            ck < α
          /Users/pablogrossi/Desktop/AXLE/lean/Main.lean:144:10: error: Type mismatch
            (Classical.choose_spec (step ck hm)).left
          has type
            Classical.choose ⋯ < α
          but is expected to have type
            ck < α
          /Users/pablogrossi/Desktop/AXLE/lean/Main.lean:145:23: error(lean.unknownIdentifier): Unknown identifier `c`
          /Users/pablogrossi/Desktop/AXLE/lean/Main.lean:111:50: error: unsolved goals
          case refine_2
          α : Ordinal.{u_1}
          hα : sorry
          hcf : sorry
          C : Set Ordinal.{u_1}
          hC_closed : IsOmegaClosedBelow C α
          hC_unbounded : IsUnboundedBelow C α
          hα0 : 0 < α
          step : ∀ β < α, ∃ γ < α, γ ∈ C ∧ β < γ

  0 ok, 1 failed
[  94/ 280] /Users/pablogrossi/Desktop/AXLE/lean/Main_v3_corrected.lean
project:   /Users/pablogrossi/Desktop/geometry  (leanprover/lean4:v4.32.0)
mathlib:   leanprover/lean4:v4.32.0

  FAIL    36s  Main_v3_corrected.lean  (18 errors)
          /Users/pablogrossi/Desktop/AXLE/lean/Main_v3_corrected.lean:37:12: error: Application type mismatch: The argument
            M.metric
          has type
            MetricSpace M.carrier
          but is expected to have type
            Dist ?m.1
          in the application
            @dist ?m.1 M.metric
          /Users/pablogrossi/Desktop/AXLE/lean/Main_v3_corrected.lean:37:47: error: Application type mismatch: The argument
            M.metric
          has type
            MetricSpace M.carrier
          but is expected to have type
            Dist ?m.2
          in the application
            @dist ?m.2 M.metric
          /Users/pablogrossi/Desktop/AXLE/lean/Main_v3_corrected.lean:74:17: error(lean.unknownIdentifier): Unknown constant `Real.pi`
          /Users/pablogrossi/Desktop/AXLE/lean/Main_v3_corrected.lean:80:4: error(lean.dependsOnNoncomputable): failed to compile definition, consider marking it as 'noncomputable' because it depends on 'Real.instDivInvMonoid', which is 'noncomputable'
          /Users/pablogrossi/Desktop/AXLE/lean/Main_v3_corrected.lean:86:8: warning: declaration uses `sorry`
          /Users/pablogrossi/Desktop/AXLE/lean/Main_v3_corrected.lean:97:54: error: maximum recursion depth has been reached
          use `set_option maxRecDepth <num>` to increase limit
          use `set_option diagnostics true` to get diagnostic information
          /Users/pablogrossi/Desktop/AXLE/lean/Main_v3_corrected.lean:128:20: error: No goals to be solved
          /Users/pablogrossi/Desktop/AXLE/lean/Main_v3_corrected.lean:134:21: error: Application type mismatch: The argument
            Nat.le_add_right ?m.17 ?m.18
          has type
            ?m.17 ≤ ?m.17 + ?m.18
          but is expected to have type
            (nextLevel r).layer_count ≥ r.layer_count
          in the application
            ⟨rfl, Nat.le_add_right ?m.17 ?m.18⟩
          /Users/pablogrossi/Desktop/AXLE/lean/Main_v3_corrected.lean:179:2: error(lean.unknownIdentifier): Unknown constant `Ordinal.IsLimit`
          /Users/pablogrossi/Desktop/AXLE/lean/Main_v3_corrected.lean:186:14: error(lean.unknownIdentifier): Unknown constant `Ordinal.omega`
          /Users/pablogrossi/Desktop/AXLE/lean/Main_v3_corrected.lean:187:10: error(lean.unknownIdentifier): Unknown constant `Ordinal.lt_add_of_pos_right`
          /Users/pablogrossi/Desktop/AXLE/lean/Main_v3_corrected.lean:188:10: error(lean.unknownIdentifier): Unknown constant `Ordinal.IsLimit.add_right`
          /Users/pablogrossi/Desktop/AXLE/lean/Main_v3_corrected.lean:195:27: error(lean.unknownIdentifier): Unknown constant `Ordinal.omega`
          /Users/pablogrossi/Desktop/AXLE/lean/Main_v3_corrected.lean:203:8: error(lean.unknownIdentifier): Unknown constant `Ordinal.lt_add_of_pos_right`
          /Users/pablogrossi/Desktop/AXLE/lean/Main_v3_corrected.lean:202:8: warning: declaration uses `sorry`
          /Users/pablogrossi/Desktop/AXLE/lean/Main_v3_corrected.lean:209:8: error(lean.unknownIdentifier): Unknown constant `Ordinal.IsLimit.add_right`
          /Users/pablogrossi/Desktop/AXLE/lean/Main_v3_corrected.lean:208:8: warning: declaration uses `sorry`
          /Users/pablogrossi/Desktop/AXLE/lean/Main_v3_corrected.lean:208:26: warning: declaration uses `sorry`
          /Users/pablogrossi/Desktop/AXLE/lean/Main_v3_corrected.lean:208:8: warning: This simp argument is unused:
            ordinalNextLevel
          
          Hint: Omit it from the simp argument list.
            simp [̵o̵r̵d̵i̵n̵a̵l̵N̵e̵x̵t̵L̵e̵v̵e̵l̵,̵ ̵i̵s̵R̵e̵g̵e̵n̵e̵r̵a̵t̵i̵o̵n̵C̵l̵o̵s̵u̵r̵e̵P̵o̵i̵n̵t̵]̵[̲i̲s̲R̲e̲g̲e̲n̲e̲r̲a̲t̲i̲o̲n̲C̲l̲o̲s̲u̲r̲e̲P̲o̲i̲n̲t̲]̲
          
          Note: This linter can be disabled with `set_option linter.unusedSimpArgs false`
          /Users/pablogrossi/Desktop/AXLE/lean/Main_v3_corrected.lean:228:18: error: unexpected token ':='; expected '}'
          /Users/pablogrossi/Desktop/AXLE/lean/Main_v3_corrected.lean:227:8: error: Insufficient number of fields for `⟨...⟩` constructor: Constructor `Exists.intro` has 2 explicit field, but only 1 was provided
          /Users/pablogrossi/Desktop/AXLE/lean/Main_v3_corrected.lean:227:20: error: Function expected at
            γ
          but this term has type
            Ordinal.{0}
          
          Note: Expected a function because this term is being applied to the argument
            triple
          /Users/pablogrossi/Desktop/AXLE/lean/Main_v3_corrected.lean:227:9: error: Fields missing: `triple`, `layer_count`

  0 ok, 1 failed
[  95/ 280] /Users/pablogrossi/Desktop/AXLE/lean/Main_v4.lean
project:   /Users/pablogrossi/Desktop/geometry  (leanprover/lean4:v4.32.0)
mathlib:   leanprover/lean4:v4.32.0

  FAIL    28s  Main_v4.lean  (33 errors)
          /Users/pablogrossi/Desktop/AXLE/lean/Main_v4.lean:39:12: error: Application type mismatch: The argument
            M.metric
          has type
            MetricSpace M.carrier
          but is expected to have type
            Dist ?m.1
          in the application
            @dist ?m.1 M.metric
          /Users/pablogrossi/Desktop/AXLE/lean/Main_v4.lean:39:47: error: Application type mismatch: The argument
            M.metric
          has type
            MetricSpace M.carrier
          but is expected to have type
            Dist ?m.2
          in the application
            @dist ?m.2 M.metric
          /Users/pablogrossi/Desktop/AXLE/lean/Main_v4.lean:72:17: error(lean.unknownIdentifier): Unknown constant `Real.pi`
          /Users/pablogrossi/Desktop/AXLE/lean/Main_v4.lean:78:4: error(lean.dependsOnNoncomputable): failed to compile definition, consider marking it as 'noncomputable' because it depends on 'Real.instDivInvMonoid', which is 'noncomputable'
          /Users/pablogrossi/Desktop/AXLE/lean/Main_v4.lean:84:8: warning: declaration uses `sorry`
          /Users/pablogrossi/Desktop/AXLE/lean/Main_v4.lean:91:54: error: maximum recursion depth has been reached
          use `set_option maxRecDepth <num>` to increase limit
          use `set_option diagnostics true` to get diagnostic information
          /Users/pablogrossi/Desktop/AXLE/lean/Main_v4.lean:118:20: error: No goals to be solved
          /Users/pablogrossi/Desktop/AXLE/lean/Main_v4.lean:124:21: error: Application type mismatch: The argument
            Nat.le_add_right ?m.17 ?m.18
          has type
            ?m.17 ≤ ?m.17 + ?m.18
          but is expected to have type
            (nextLevel r).layer_count ≥ r.layer_count
          in the application
            ⟨rfl, Nat.le_add_right ?m.17 ?m.18⟩
          /Users/pablogrossi/Desktop/AXLE/lean/Main_v4.lean:146:2: error(lean.unknownIdentifier): Unknown constant `Ordinal.IsLimit`
          /Users/pablogrossi/Desktop/AXLE/lean/Main_v4.lean:151:14: error(lean.unknownIdentifier): Unknown constant `Ordinal.omega`
          /Users/pablogrossi/Desktop/AXLE/lean/Main_v4.lean:152:10: error(lean.unknownIdentifier): Unknown constant `Ordinal.lt_add_of_pos_right`
          /Users/pablogrossi/Desktop/AXLE/lean/Main_v4.lean:153:10: error(lean.unknownIdentifier): Unknown constant `Ordinal.IsLimit.add_right`
          /Users/pablogrossi/Desktop/AXLE/lean/Main_v4.lean:157:27: error(lean.unknownIdentifier): Unknown constant `Ordinal.omega`
          /Users/pablogrossi/Desktop/AXLE/lean/Main_v4.lean:164:8: error(lean.unknownIdentifier): Unknown constant `Ordinal.lt_add_of_pos_right`
          /Users/pablogrossi/Desktop/AXLE/lean/Main_v4.lean:163:8: warning: declaration uses `sorry`
          /Users/pablogrossi/Desktop/AXLE/lean/Main_v4.lean:169:8: error(lean.unknownIdentifier): Unknown constant `Ordinal.IsLimit.add_right`
          /Users/pablogrossi/Desktop/AXLE/lean/Main_v4.lean:168:8: warning: declaration uses `sorry`
          /Users/pablogrossi/Desktop/AXLE/lean/Main_v4.lean:168:26: warning: declaration uses `sorry`
          /Users/pablogrossi/Desktop/AXLE/lean/Main_v4.lean:168:8: warning: This simp argument is unused:
            ordinalNextLevel
          
          Hint: Omit it from the simp argument list.
            simp [̵o̵r̵d̵i̵n̵a̵l̵N̵e̵x̵t̵L̵e̵v̵e̵l̵,̵ ̵i̵s̵R̵e̵g̵e̵n̵e̵r̵a̵t̵i̵o̵n̵C̵l̵o̵s̵u̵r̵e̵P̵o̵i̵n̵t̵]̵[̲i̲s̲R̲e̲g̲e̲n̲e̲r̲a̲t̲i̲o̲n̲C̲l̲o̲s̲u̲r̲e̲P̲o̲i̲n̲t̲]̲
          
          Note: This linter can be disabled with `set_option linter.unusedSimpArgs false`
          /Users/pablogrossi/Desktop/AXLE/lean/Main_v4.lean:184:18: error: unexpected token ':='; expected '}'
          /Users/pablogrossi/Desktop/AXLE/lean/Main_v4.lean:183:8: error: Insufficient number of fields for `⟨...⟩` constructor: Constructor `Exists.intro` has 2 explicit field, but only 1 was provided
          /Users/pablogrossi/Desktop/AXLE/lean/Main_v4.lean:183:20: error: Function expected at
            γ
          but this term has type
            Ordinal.{0}
          
          Note: Expected a function because this term is being applied to the argument
            triple
          /Users/pablogrossi/Desktop/AXLE/lean/Main_v4.lean:183:9: error: Fields missing: `triple`, `layer_count`
          /Users/pablogrossi/Desktop/AXLE/lean/Main_v4.lean:218:4: error(lean.unknownIdentifier): Unknown constant `Ordinal.sup`
          /Users/pablogrossi/Desktop/AXLE/lean/Main_v4.lean:222:4: error(lean.invalidField): Invalid field `IsClosedBelow`: The environment does not contain `Function.IsClosedBelow`, so it is not possible to project the field `IsClosedBelow` from an expression
            C
          of type `Ordinal.{?u.3} → Prop`
          /Users/pablogrossi/Desktop/AXLE/lean/Main_v4.lean:222:24: error(lean.invalidField): Invalid field `IsUnboundedBelow`: The environment does not contain `Function.IsUnboundedBelow`, so it is not possible to project the field `IsUnboundedBelow` from an expression
            C
          of type `Ordinal.{?u.3} → Prop`
          /Users/pablogrossi/Desktop/AXLE/lean/Main_v4.lean:227:23: error(lean.invalidField): Invalid field `IsClubBelow`: The environment does not contain `Function.IsClubBelow`, so it is not possible to project the field `IsClubBelow` from an expression
            C
          of type `Ordinal.{?u.9} → Prop`
          /Users/pablogrossi/Desktop/AXLE/lean/Main_v4.lean:237:25: error(lean.invalidField): Invalid field `IsStationaryBelow`: The environment does not contain `Function.IsStationaryBelow`, so it is not possible to project the field `IsStationaryBelow` from an expression
            closurePointsBelow α

  0 ok, 1 failed
[  96/ 280] /Users/pablogrossi/Desktop/AXLE/lean/Main_v5.lean
project:   /Users/pablogrossi/Desktop/geometry  (leanprover/lean4:v4.32.0)
mathlib:   leanprover/lean4:v4.32.0

  FAIL    86s  Main_v5.lean  (59 errors)
          /Users/pablogrossi/Desktop/AXLE/lean/Main_v5.lean:35:4: error(lean.unknownIdentifier): Unknown constant `Ordinal.sup`
          /Users/pablogrossi/Desktop/AXLE/lean/Main_v5.lean:46:43: error(lean.unknownIdentifier): Unknown constant `Ordinal.IsLimit`
          /Users/pablogrossi/Desktop/AXLE/lean/Main_v5.lean:63:4: error(lean.unknownIdentifier): Unknown constant `Ordinal.IsLimit`
          /Users/pablogrossi/Desktop/AXLE/lean/Main_v5.lean:65:2: error: No goals to be solved
          /Users/pablogrossi/Desktop/AXLE/lean/Main_v5.lean:80:12: error(lean.synthInstanceFailed): failed to synthesize instance of type class
            HAdd Ordinal.{u_1} (Ordinal.{?u.14} ↪o Ordinal.{?u.14}) ?m.10
          
          Hint: Type class instance resolution failures can be inspected with the `set_option trace.Meta.synthInstance true` command.
          /Users/pablogrossi/Desktop/AXLE/lean/Main_v5.lean:81:13: error(lean.unknownIdentifier): Unknown constant `Ordinal.lt_add_of_pos_right`
          /Users/pablogrossi/Desktop/AXLE/lean/Main_v5.lean:82:13: error(lean.unknownIdentifier): Unknown constant `Ordinal.IsLimit.add_right`
          /Users/pablogrossi/Desktop/AXLE/lean/Main_v5.lean:88:24: error(lean.unknownIdentifier): Unknown constant `Ordinal.IsLimit`
          /Users/pablogrossi/Desktop/AXLE/lean/Main_v5.lean:89:27: error: Type mismatch
            α.card.ord
          has type
            Ordinal.{?u.7}
          but is expected to have type
            Ordinal.{?u.7} ↪o Ordinal.{?u.7}
          /Users/pablogrossi/Desktop/AXLE/lean/Main_v5.lean:91:4: error(lean.unknownIdentifier): Unknown constant `Ordinal.sup`
          /Users/pablogrossi/Desktop/AXLE/lean/Main_v5.lean:92:8: error(lean.unknownIdentifier): Unknown constant `Ordinal.sup_lt_ord`
          /Users/pablogrossi/Desktop/AXLE/lean/Main_v5.lean:93:2: error: No goals to be solved
          /Users/pablogrossi/Desktop/AXLE/lean/Main_v5.lean:109:24: error(lean.unknownIdentifier): Unknown constant `Ordinal.IsLimit`
          /Users/pablogrossi/Desktop/AXLE/lean/Main_v5.lean:110:27: error: Type mismatch
            α.card.ord
          has type
            Ordinal.{?u.7}
          but is expected to have type
            Ordinal.{?u.7} ↪o Ordinal.{?u.7}
          /Users/pablogrossi/Desktop/AXLE/lean/Main_v5.lean:125:6: error: Application type mismatch: The argument
            (Classical.choose_spec (step (if k = 0 then 0 else sk) ?m.103)).left
          has type
            Classical.choose ⋯ < α
          but is expected to have type
            sk < α
          in the application
            step sk (Classical.choose_spec (step (if k = 0 then 0 else sk) ?m.103)).left
          /Users/pablogrossi/Desktop/AXLE/lean/Main_v5.lean:130:22: error: Type mismatch
            (Classical.choose_spec (step 0 hα0)).left
          has type
            Classical.choose ⋯ < α
          but is expected to have type
            sk < α
          /Users/pablogrossi/Desktop/AXLE/lean/Main_v5.lean:131:24: error: Type mismatch
            (Classical.choose_spec (step (Classical.choose (step 0 hα0)) (Classical.choose_spec (step 0 hα0)).left)).left
          has type
            Classical.choose ⋯ < α
          but is expected to have type
            sk < α
          /Users/pablogrossi/Desktop/AXLE/lean/Main_v5.lean:143:17: error: Type mismatch
            hc₀α
          has type
            c₀ < α
          but is expected to have type
            ck < α
          /Users/pablogrossi/Desktop/AXLE/lean/Main_v5.lean:144:10: error: Type mismatch
            (Classical.choose_spec (step ck hm)).left
          has type
            Classical.choose ⋯ < α
          but is expected to have type
            ck < α
          /Users/pablogrossi/Desktop/AXLE/lean/Main_v5.lean:145:23: error(lean.unknownIdentifier): Unknown identifier `c`
          /Users/pablogrossi/Desktop/AXLE/lean/Main_v5.lean:111:50: error: unsolved goals
          case refine_2
          α : Ordinal.{u_1}
          hα : sorry
          hcf : sorry
          C : Set Ordinal.{u_1}
          hC_closed : IsOmegaClosedBelow C α
          hC_unbounded : IsUnboundedBelow C α
          hα0 : 0 < α
          step : ∀ β < α, ∃ γ < α, γ ∈ C ∧ β < γ

  0 ok, 1 failed
[  97/ 280] /Users/pablogrossi/Desktop/AXLE/lean/Ordinal/MahloClosure.lean
project:   /Users/pablogrossi/Desktop/geometry  (leanprover/lean4:v4.32.0)
mathlib:   leanprover/lean4:v4.32.0

  FAIL     8s  MahloClosure.lean  (1 errors)
          /Users/pablogrossi/Desktop/AXLE/lean/Ordinal/MahloClosure.lean:5:0: error: object file '/Users/pablogrossi/Desktop/geometry/.lake/packages/mathlib/.lake/build/lib/lean/Mathlib/SetTheory/Ordinal/CofinalityInf.olean' of module Mathlib.SetTheory.Ordinal.CofinalityInf does not exist

  0 ok, 1 failed
[  98/ 280] /Users/pablogrossi/Desktop/AXLE/lean/Symmetry/D6.lean
project:   /Users/pablogrossi/Desktop/geometry  (leanprover/lean4:v4.32.0)
mathlib:   leanprover/lean4:v4.32.0

  FAIL     7s  D6.lean  (1 errors)
          /Users/pablogrossi/Desktop/AXLE/lean/Symmetry/D6.lean:1:0: error: object file '/Users/pablogrossi/Desktop/geometry/.lake/packages/mathlib/.lake/build/lib/lean/Mathlib/LinearAlgebra/Matrix/Basic.olean' of module Mathlib.LinearAlgebra.Matrix.Basic does not exist

  0 ok, 1 failed
[  99/ 280] /Users/pablogrossi/Desktop/AXLE/lean/f35/Dm3Arithmetic.lean
project:   /Users/pablogrossi/Desktop/geometry  (leanprover/lean4:v4.32.0)
mathlib:   leanprover/lean4:v4.32.0

  FAIL     9s  Dm3Arithmetic.lean  (1 errors)
          /Users/pablogrossi/Desktop/AXLE/lean/f35/Dm3Arithmetic.lean:48:0: error: invalid 'import' command, it must be used in the beginning of the file

  0 ok, 1 failed
[ 100/ 280] /Users/pablogrossi/Desktop/AXLE/lean/fitribonacci.lean
project:   /Users/pablogrossi/Desktop/geometry  (leanprover/lean4:v4.32.0)
mathlib:   leanprover/lean4:v4.32.0

  FAIL    94s  fitribonacci.lean  (13 errors)
          /Users/pablogrossi/Desktop/AXLE/lean/fitribonacci.lean:19:22: error(lean.unknownIdentifier): Unknown constant `Nat.valTwoPow`
          /Users/pablogrossi/Desktop/AXLE/lean/fitribonacci.lean:30:2: error: unsolved goals
          case zero
          n : ℕ
          h_odd : n % 2 = 1
          ⊢ 1 ≤ sorry ()
          /Users/pablogrossi/Desktop/AXLE/lean/fitribonacci.lean:31:10: error: Tactic `introN` failed: There are no additional binders or `let` bindings in the goal to introduce
          
          case succ
          n : ℕ
          h_odd : n % 2 = 1
          n✝ : ℕ
          ⊢ 1 ≤ sorry () ∧ (n✝ + 1 = 1 → 2 ≤ sorry ()) ∧ (n✝ + 1 = 3 → sorry () = 1)
          /Users/pablogrossi/Desktop/AXLE/lean/fitribonacci.lean:32:2: error: No goals to be solved
          /Users/pablogrossi/Desktop/AXLE/lean/fitribonacci.lean:28:8: warning: declaration uses `sorry`
          /Users/pablogrossi/Desktop/AXLE/lean/fitribonacci.lean:30:10: warning: This simp argument is unused:
            Nat.mod_eq_zero_of_dvd
          
          Hint: Omit it from the simp argument list.
            simp ̵[̵N̵a̵t̵.̵m̵o̵d̵_̵e̵q̵_̵z̵e̵r̵o̵_̵o̵f̵_̵d̵v̵d̵]̵
          
          Note: This linter can be disabled with `set_option linter.unusedSimpArgs false`
          /Users/pablogrossi/Desktop/AXLE/lean/fitribonacci.lean:43:12: error(lean.unknownIdentifier): Unknown identifier `m`
          /Users/pablogrossi/Desktop/AXLE/lean/fitribonacci.lean:44:12: error(lean.unknownIdentifier): Unknown identifier `m`
          /Users/pablogrossi/Desktop/AXLE/lean/fitribonacci.lean:44:19: error(lean.unknownIdentifier): Unknown identifier `v`
          /Users/pablogrossi/Desktop/AXLE/lean/fitribonacci.lean:44:24: error(lean.unknownIdentifier): Unknown identifier `m`
          /Users/pablogrossi/Desktop/AXLE/lean/fitribonacci.lean:47:14: error(lean.unknownIdentifier): Unknown constant `Nat.log_div_base_lt`
          /Users/pablogrossi/Desktop/AXLE/lean/fitribonacci.lean:42:35: error: unsolved goals
          n : ℕ
          h_odd : n % 2 = 1
          h1 : sorry < 4 * n
          h2 : sorry / 2 ^ sorry ≤ sorry / 2
          ⊢ let m := 3 * n + 1;
            let v := v2 m;
            height (m / 2 ^ v) < Nat.log 2 n
          /Users/pablogrossi/Desktop/AXLE/lean/fitribonacci.lean:59:20: error(lean.unknownIdentifier): Unknown constant `Nat.strongInductionOn`
          /Users/pablogrossi/Desktop/AXLE/lean/fitribonacci.lean:74:35: error: unexpected token '<'; expected command
          /Users/pablogrossi/Desktop/AXLE/lean/fitribonacci.lean:90:8: warning: declaration uses `sorry`
          /Users/pablogrossi/Desktop/AXLE/lean/fitribonacci.lean:104:0: error: unexpected end of input; expected ')', ',' or ':'

  0 ok, 1 failed
[ 101/ 280] /Users/pablogrossi/Desktop/AXLE/lean/lean/Crystal/G6.lean
project:   /Users/pablogrossi/Desktop/geometry  (leanprover/lean4:v4.32.0)
mathlib:   leanprover/lean4:v4.32.0

  FAIL     8s  G6.lean  (1 errors)
          /Users/pablogrossi/Desktop/AXLE/lean/lean/Crystal/G6.lean:6:0: error: object file '/Users/pablogrossi/Desktop/geometry/.lake/packages/mathlib/.lake/build/lib/lean/Mathlib/LinearAlgebra/Matrix/Basic.olean' of module Mathlib.LinearAlgebra.Matrix.Basic does not exist

  0 ok, 1 failed
[ 102/ 280] /Users/pablogrossi/Desktop/AXLE/lean/main_v7.lean
project:   /Users/pablogrossi/Desktop/geometry  (leanprover/lean4:v4.32.0)
mathlib:   leanprover/lean4:v4.32.0

  FAIL    10s  main_v7.lean  (1 errors)
          /Users/pablogrossi/Desktop/AXLE/lean/main_v7.lean:9:0: error: object file '/Users/pablogrossi/Desktop/geometry/.lake/packages/mathlib/.lake/build/lib/lean/Mathlib/Order/Ordinal/Basic.olean' of module Mathlib.Order.Ordinal.Basic does not exist

  0 ok, 1 failed
[ 103/ 280] /Users/pablogrossi/Desktop/AXLE/main/AXLE_v8_1.lean
project:   /Users/pablogrossi/Desktop/geometry  (leanprover/lean4:v4.32.0)
mathlib:   leanprover/lean4:v4.32.0

  OK      65s  AXLE_v8_1.lean
        audit: 12 declarations — GATE REFUSED
          ::error::sorryAx present - a theorem is admitted, not proved
          ::error::TOGT.closurePoints_stationary_regular depends on sorryAx
          ::error::TOGT.crystal_lockin depends on sorryAx
          ::error::TOGT.d6_lockin depends on sorryAx
          ::error::TOGT.g6_unconditional_closure depends on sorryAx
          ::error::TOGT.embedding_intertwining depends on sorryAx
          ::error::TOGT.collatz_conjecture_via_dm3_gqm depends on sorryAx
          ::error::TOGT.closurePoints_stationary_regular depends on sorryAx
          ::error::TOGT.crystal_lockin depends on sorryAx
          ::error::TOGT.d6_lockin depends on sorryAx
          ::error::TOGT.g6_unconditional_closure depends on sorryAx
          ::error::TOGT.embedding_intertwining depends on sorryAx
          ::error::TOGT.collatz_conjecture_via_dm3_gqm depends on sorryAx
          ::error::permitted axioms are Classical.choice, Quot.sound, propext.
          ::error::native_decide leaves Lean.ofReduceBool and is NOT a kernel check; sorryAx means the theorem is admitted.
        report: tools/verify-audit/2026-09-09/AXLE_v8_1.axioms.txt

  1 ok, 0 failed
[ 104/ 280] /Users/pablogrossi/Desktop/geometry/AMonster/GenerativeWeave.lean
project:   /Users/pablogrossi/Desktop/geometry  (leanprover/lean4:v4.32.0)
mathlib:   leanprover/lean4:v4.32.0

  FAIL    40s  GenerativeWeave.lean  (36 errors)
          /Users/pablogrossi/Desktop/geometry/AMonster/GenerativeWeave.lean:65:42: error: unsolved goals
          ⊢ False
          /Users/pablogrossi/Desktop/geometry/AMonster/GenerativeWeave.lean:112:6: error(lean.unknownIdentifier): Unknown identifier `DM3.G₁`
          /Users/pablogrossi/Desktop/geometry/AMonster/GenerativeWeave.lean:116:13: error(lean.unknownIdentifier): Unknown identifier `f`
          /Users/pablogrossi/Desktop/geometry/AMonster/GenerativeWeave.lean:116:24: error(lean.unknownIdentifier): Unknown identifier `f`
          /Users/pablogrossi/Desktop/geometry/AMonster/GenerativeWeave.lean:120:14: error(lean.unknownIdentifier): Unknown identifier `DM3.G₁_distance_decreases`
          /Users/pablogrossi/Desktop/geometry/AMonster/GenerativeWeave.lean:111:65: error: unsolved goals
          case h
          r₀ κ r : ℝ
          h : r ≤ κ
          hne : r ≠ r₀
          heq : sorry^[lvlCanonical64] r = sorry^[lvlHyperMahlo] r
          h64 : sorry^[64] r = sorry^[66] r
          ⊢ False
          /Users/pablogrossi/Desktop/geometry/AMonster/GenerativeWeave.lean:138:5: error: unknown namespace `DM3`
          /Users/pablogrossi/Desktop/geometry/AMonster/GenerativeWeave.lean:145:4: error: Function expected at
            G₁
          but this term has type
            ?m.3
          
          Note: Expected a function because this term is being applied to the argument
            κ
          
          Hint: The identifier `G₁` is unknown, and Lean's `autoImplicit` option causes an unknown identifier to be treated as an implicitly bound variable with an unknown type. However, the unknown type cannot be a function, and a function is what Lean expects here. This is often the result of a typo or a missing `import` or `open` statement.
          /Users/pablogrossi/Desktop/geometry/AMonster/GenerativeWeave.lean:146:2: error(lean.unknownIdentifier): Unknown identifier `G₁_iterate_distance`
          /Users/pablogrossi/Desktop/geometry/AMonster/GenerativeWeave.lean:150:41: error: Function expected at
            inTriad
          but this term has type
            ?m.3
          
          Note: Expected a function because this term is being applied to the argument
            κ
          
          Hint: The identifier `inTriad` is unknown, and Lean's `autoImplicit` option causes an unknown identifier to be treated as an implicitly bound variable with an unknown type. However, the unknown type cannot be a function, and a function is what Lean expects here. This is often the result of a typo or a missing `import` or `open` statement.
          /Users/pablogrossi/Desktop/geometry/AMonster/GenerativeWeave.lean:151:4: error: Function expected at
            inTriad
          but this term has type
            ?m.3
          
          Note: Expected a function because this term is being applied to the argument
            κ
          
          Hint: The identifier `inTriad` is unknown, and Lean's `autoImplicit` option causes an unknown identifier to be treated as an implicitly bound variable with an unknown type. However, the unknown type cannot be a function, and a function is what Lean expects here. This is often the result of a typo or a missing `import` or `open` statement.
          /Users/pablogrossi/Desktop/geometry/AMonster/GenerativeWeave.lean:152:2: error(lean.unknownIdentifier): Unknown identifier `triad_preserved`
          /Users/pablogrossi/Desktop/geometry/AMonster/GenerativeWeave.lean:156:29: error: Function expected at
            G₁
          but this term has type
            ?m.3
          
          Note: Expected a function because this term is being applied to the argument
            κ
          
          Hint: The identifier `G₁` is unknown, and Lean's `autoImplicit` option causes an unknown identifier to be treated as an implicitly bound variable with an unknown type. However, the unknown type cannot be a function, and a function is what Lean expects here. This is often the result of a typo or a missing `import` or `open` statement.
          /Users/pablogrossi/Desktop/geometry/AMonster/GenerativeWeave.lean:157:2: error(lean.unknownIdentifier): Unknown identifier `G₁_fixed_point`
          /Users/pablogrossi/Desktop/geometry/AMonster/GenerativeWeave.lean:163:5: error: Function expected at
            G₁
          but this term has type
            ?m.3
          
          Note: Expected a function because this term is being applied to the argument
            κ
          
          Hint: The identifier `G₁` is unknown, and Lean's `autoImplicit` option causes an unknown identifier to be treated as an implicitly bound variable with an unknown type. However, the unknown type cannot be a function, and a function is what Lean expects here. This is often the result of a typo or a missing `import` or `open` statement.
          /Users/pablogrossi/Desktop/geometry/AMonster/GenerativeWeave.lean:163:39: error: Function expected at
            G₁
          but this term has type
            ?m.3
          
          Note: Expected a function because this term is being applied to the argument
            κ

  0 ok, 1 failed
[ 105/ 280] /Users/pablogrossi/Desktop/geometry/CollatzDescent.lean
project:   /Users/pablogrossi/Desktop/geometry  (leanprover/lean4:v4.32.0)
mathlib:   leanprover/lean4:v4.32.0

  FAIL     5s  CollatzDescent.lean  (2 errors)
          /Users/pablogrossi/Desktop/geometry/CollatzDescent.lean:1:0: error: unexpected identifier; expected command
          /Users/pablogrossi/Desktop/geometry/CollatzDescent.lean:46:0: error: invalid 'import' command, it must be used in the beginning of the file

  0 ok, 1 failed
[ 106/ 280] /Users/pablogrossi/Desktop/geometry/Coverage.lean
project:   /Users/pablogrossi/Desktop/geometry  (leanprover/lean4:v4.32.0)
mathlib:   leanprover/lean4:v4.32.0

  FAIL     1s  Coverage.lean  (1 errors)
          /Users/pablogrossi/Desktop/geometry/Coverage.lean:9:0: error: object file '/Users/pablogrossi/Desktop/geometry/.lake/build/lib/lean/Orthogenesis/Architecture/Colony.olean' of module Orthogenesis.Architecture.Colony does not exist

  0 ok, 1 failed
[ 107/ 280] /Users/pablogrossi/Desktop/geometry/Orthogenesis/Architecture/AcousticLattice.lean
project:   /Users/pablogrossi/Desktop/geometry  (leanprover/lean4:v4.32.0)
mathlib:   leanprover/lean4:v4.32.0

  OK      74s  AcousticLattice.lean
        audit: 11 declarations, all within the permitted three
        report: tools/verify-audit/2026-09-09/AcousticLattice.axioms.txt

  1 ok, 0 failed
[ 108/ 280] /Users/pablogrossi/Desktop/geometry/Orthogenesis/Architecture/MagneticLattice.lean
project:   /Users/pablogrossi/Desktop/geometry  (leanprover/lean4:v4.32.0)
mathlib:   leanprover/lean4:v4.32.0

  OK      99s  MagneticLattice.lean
        audit: 20 declarations — GATE REFUSED
          ::error::sorryAx present - a theorem is admitted, not proved
          ::error::Orthogenesis.Magnetism.heliSpin_incommensurate_aperiodic depends on sorryAx
          ::error::permitted axioms are Classical.choice, Quot.sound, propext.
          ::error::native_decide leaves Lean.ofReduceBool and is NOT a kernel check; sorryAx means the theorem is admitted.
        report: tools/verify-audit/2026-09-09/MagneticLattice.axioms.txt

  1 ok, 0 failed
[ 109/ 280] /Users/pablogrossi/Desktop/geometry/Orthogenesis/Architecture/SeismicLattice.lean
project:   /Users/pablogrossi/Desktop/geometry  (leanprover/lean4:v4.32.0)
mathlib:   leanprover/lean4:v4.32.0

  OK     173s  SeismicLattice.lean
        audit: 17 declarations — GATE REFUSED
          ::error::sorryAx present - a theorem is admitted, not proved
          ::error::Orthogenesis.Seismic.detune_from_ground_period depends on sorryAx
          ::error::permitted axioms are Classical.choice, Quot.sound, propext.
          ::error::native_decide leaves Lean.ofReduceBool and is NOT a kernel check; sorryAx means the theorem is admitted.
        report: tools/verify-audit/2026-09-09/SeismicLattice.axioms.txt

  1 ok, 0 failed
[ 110/ 280] /Users/pablogrossi/Desktop/geometry/SaturnHexagon.lean
project:   /Users/pablogrossi/Desktop/geometry  (leanprover/lean4:v4.32.0)
mathlib:   leanprover/lean4:v4.32.0

  OK      29s  SaturnHexagon.lean
        audit: 10 declarations, all within the permitted three
        report: tools/verify-audit/2026-09-09/SaturnHexagon.axioms.txt

  1 ok, 0 failed
[ 111/ 280] /Users/pablogrossi/Desktop/geometry/SmokeBox.lean
project:   /Users/pablogrossi/Desktop/geometry  (leanprover/lean4:v4.32.0)
mathlib:   leanprover/lean4:v4.32.0

  FAIL    14s  SmokeBox.lean  (2 errors)
          /Users/pablogrossi/Desktop/geometry/SmokeBox.lean:72:2: error: failed to synthesize
            Fintype (Fin 3)
          
          Hint: Additional diagnostic information may be available using the `set_option diagnostics true` command.
          /Users/pablogrossi/Desktop/geometry/SmokeBox.lean:70:81: error: unsolved goals
          v : Fin 3 → ℝ
          i : Fin 3
          ⊢ ![v 0 ^ 2, v 1 ^ 2, 0] i = ![v 0, v 1, 0] i ^ 2
          'box_invariant' depends on axioms: [propext, Classical.choice, Quot.sound]
          'shallower_is_worse' depends on axioms: [propext, Classical.choice, Quot.sound]
          'lid_commutes_onsite' depends on axioms: [propext, sorryAx, Classical.choice, Quot.sound]
          'transport_not_commute' depends on axioms: [propext, Classical.choice, Quot.sound]
          'lid_fold_not_commute' depends on axioms: [propext, Classical.choice, Quot.sound]

  0 ok, 1 failed
[ 112/ 280] /Users/pablogrossi/Desktop/geometry/book8/OrthogonalWitness.lean
project:   /Users/pablogrossi/Desktop/geometry  (leanprover/lean4:v4.32.0)
mathlib:   leanprover/lean4:v4.32.0

  OK      88s  OrthogonalWitness.lean
        audit: 8 declarations, all within the permitted three
        report: tools/verify-audit/2026-09-09/OrthogonalWitness.axioms.txt

  1 ok, 0 failed
[ 113/ 280] /Users/pablogrossi/Desktop/geometry/docs/ml-evidence/deposits-moved-to-GTCT-2026-08-30/rh-arithmetic-contact-v1/ZetaReflection.lean
project:   /Users/pablogrossi/Desktop/geometry  (leanprover/lean4:v4.32.0)
mathlib:   leanprover/lean4:v4.32.0

  OK     141s  ZetaReflection.lean
        audit: 4 declarations — GATE REFUSED
          ::error::sorryAx present - a theorem is admitted, not proved
          ::error::Book4.Ch12.reflection_law depends on sorryAx
          ::error::Book4.Ch12.chiLog_real_on_critical_line depends on sorryAx
          ::error::permitted axioms are Classical.choice, Quot.sound, propext.
          ::error::native_decide leaves Lean.ofReduceBool and is NOT a kernel check; sorryAx means the theorem is admitted.
        report: tools/verify-audit/2026-09-09/ZetaReflection.axioms.txt

  1 ok, 0 failed
[ 114/ 280] /Users/pablogrossi/Desktop/geometry/lakefile.lean
project:   /Users/pablogrossi/Desktop/geometry  (leanprover/lean4:v4.32.0)
mathlib:   leanprover/lean4:v4.32.0

  FAIL     6s  lakefile.lean  (9 errors)
          /Users/pablogrossi/Desktop/geometry/lakefile.lean:4:0: error: elaboration function for `Lake.DSL.packageCommand` has not been implemented
          /Users/pablogrossi/Desktop/geometry/lakefile.lean:6:0: error: elaboration function for `Lake.DSL.requireDecl` has not been implemented
          /Users/pablogrossi/Desktop/geometry/lakefile.lean:9:0: error: elaboration function for `Lake.DSL.leanLibCommand` has not been implemented
          /Users/pablogrossi/Desktop/geometry/lakefile.lean:23:0: error: elaboration function for `Lake.DSL.leanLibCommand` has not been implemented
          /Users/pablogrossi/Desktop/geometry/lakefile.lean:32:0: error: elaboration function for `Lake.DSL.leanLibCommand` has not been implemented
          /Users/pablogrossi/Desktop/geometry/lakefile.lean:43:0: error: elaboration function for `Lake.DSL.leanLibCommand` has not been implemented
          /Users/pablogrossi/Desktop/geometry/lakefile.lean:55:0: error: elaboration function for `Lake.DSL.leanLibCommand` has not been implemented
          /Users/pablogrossi/Desktop/geometry/lakefile.lean:64:0: error: elaboration function for `Lake.DSL.leanLibCommand` has not been implemented
          /Users/pablogrossi/Desktop/geometry/lakefile.lean:74:0: error: elaboration function for `Lake.DSL.leanLibCommand` has not been implemented

  0 ok, 1 failed
[ 115/ 280] /Users/pablogrossi/Desktop/GTCT/Chain.lean
project:   /Users/pablogrossi/Desktop/geometry  (leanprover/lean4:v4.32.0)
mathlib:   leanprover/lean4:v4.32.0

  FAIL     7s  Chain.lean  (1 errors)
          /Users/pablogrossi/Desktop/GTCT/Chain.lean:13:0: error: unknown module prefix 'GCTC'
          
          No directory 'GCTC' or file 'GCTC.olean' in the search path entries:
          /Users/pablogrossi/Desktop/geometry/.lake/packages/Cli/.lake/build/lib/lean
          /Users/pablogrossi/Desktop/geometry/.lake/packages/batteries/.lake/build/lib/lean
          /Users/pablogrossi/Desktop/geometry/.lake/packages/Qq/.lake/build/lib/lean
          /Users/pablogrossi/Desktop/geometry/.lake/packages/aesop/.lake/build/lib/lean
          /Users/pablogrossi/Desktop/geometry/.lake/packages/proofwidgets/.lake/build/lib/lean
          /Users/pablogrossi/Desktop/geometry/.lake/packages/importGraph/.lake/build/lib/lean
          /Users/pablogrossi/Desktop/geometry/.lake/packages/LeanSearchClient/.lake/build/lib/lean
          /Users/pablogrossi/Desktop/geometry/.lake/packages/plausible/.lake/build/lib/lean
          /Users/pablogrossi/Desktop/geometry/.lake/packages/mathlib/.lake/build/lib/lean
          /Users/pablogrossi/Desktop/geometry/.lake/build/lib/lean
          /Users/pablogrossi/.elan/toolchains/leanprover--lean4---v4.32.0/lib/lean
          /Users/pablogrossi/.elan/toolchains/leanprover--lean4---v4.32.0/lib/lean

  0 ok, 1 failed
[ 116/ 280] /Users/pablogrossi/Desktop/GTCT/Chain_updated.lean
project:   /Users/pablogrossi/Desktop/geometry  (leanprover/lean4:v4.32.0)
mathlib:   leanprover/lean4:v4.32.0

  FAIL     9s  Chain_updated.lean  (1 errors)
          /Users/pablogrossi/Desktop/GTCT/Chain_updated.lean:28:0: error: unknown module prefix 'GCTC'
          
          No directory 'GCTC' or file 'GCTC.olean' in the search path entries:
          /Users/pablogrossi/Desktop/geometry/.lake/packages/Cli/.lake/build/lib/lean
          /Users/pablogrossi/Desktop/geometry/.lake/packages/batteries/.lake/build/lib/lean
          /Users/pablogrossi/Desktop/geometry/.lake/packages/Qq/.lake/build/lib/lean
          /Users/pablogrossi/Desktop/geometry/.lake/packages/aesop/.lake/build/lib/lean
          /Users/pablogrossi/Desktop/geometry/.lake/packages/proofwidgets/.lake/build/lib/lean
          /Users/pablogrossi/Desktop/geometry/.lake/packages/importGraph/.lake/build/lib/lean
          /Users/pablogrossi/Desktop/geometry/.lake/packages/LeanSearchClient/.lake/build/lib/lean
          /Users/pablogrossi/Desktop/geometry/.lake/packages/plausible/.lake/build/lib/lean
          /Users/pablogrossi/Desktop/geometry/.lake/packages/mathlib/.lake/build/lib/lean
          /Users/pablogrossi/Desktop/geometry/.lake/build/lib/lean
          /Users/pablogrossi/.elan/toolchains/leanprover--lean4---v4.32.0/lib/lean
          /Users/pablogrossi/.elan/toolchains/leanprover--lean4---v4.32.0/lib/lean

  0 ok, 1 failed
[ 117/ 280] /Users/pablogrossi/Desktop/GTCT/Conformal.lean
project:   /Users/pablogrossi/Desktop/geometry  (leanprover/lean4:v4.32.0)
mathlib:   leanprover/lean4:v4.32.0

  FAIL     4s  Conformal.lean  (1 errors)
          /Users/pablogrossi/Desktop/GTCT/Conformal.lean:1:0: error: object file '/Users/pablogrossi/Desktop/geometry/.lake/packages/mathlib/.lake/build/lib/lean/Mathlib/LinearAlgebra/Matrix.olean' of module Mathlib.LinearAlgebra.Matrix does not exist

  0 ok, 1 failed
[ 118/ 280] /Users/pablogrossi/Desktop/GTCT/GTCT/Operators/Chain.lean
project:   /Users/pablogrossi/Desktop/geometry  (leanprover/lean4:v4.32.0)
mathlib:   leanprover/lean4:v4.32.0

  FAIL     5s  Chain.lean  (1 errors)
          /Users/pablogrossi/Desktop/GTCT/GTCT/Operators/Chain.lean:13:0: error: unknown module prefix 'GCTC'
          
          No directory 'GCTC' or file 'GCTC.olean' in the search path entries:
          /Users/pablogrossi/Desktop/geometry/.lake/packages/Cli/.lake/build/lib/lean
          /Users/pablogrossi/Desktop/geometry/.lake/packages/batteries/.lake/build/lib/lean
          /Users/pablogrossi/Desktop/geometry/.lake/packages/Qq/.lake/build/lib/lean
          /Users/pablogrossi/Desktop/geometry/.lake/packages/aesop/.lake/build/lib/lean
          /Users/pablogrossi/Desktop/geometry/.lake/packages/proofwidgets/.lake/build/lib/lean
          /Users/pablogrossi/Desktop/geometry/.lake/packages/importGraph/.lake/build/lib/lean
          /Users/pablogrossi/Desktop/geometry/.lake/packages/LeanSearchClient/.lake/build/lib/lean
          /Users/pablogrossi/Desktop/geometry/.lake/packages/plausible/.lake/build/lib/lean
          /Users/pablogrossi/Desktop/geometry/.lake/packages/mathlib/.lake/build/lib/lean
          /Users/pablogrossi/Desktop/geometry/.lake/build/lib/lean
          /Users/pablogrossi/.elan/toolchains/leanprover--lean4---v4.32.0/lib/lean
          /Users/pablogrossi/.elan/toolchains/leanprover--lean4---v4.32.0/lib/lean

  0 ok, 1 failed
[ 119/ 280] /Users/pablogrossi/Desktop/GTCT/GTCT/Operators/Compress.lean
project:   /Users/pablogrossi/Desktop/geometry  (leanprover/lean4:v4.32.0)
mathlib:   leanprover/lean4:v4.32.0

  FAIL    29s  Compress.lean  (1 errors)
          /Users/pablogrossi/Desktop/GTCT/GTCT/Operators/Compress.lean:26:25: error: Function expected at
            LipschitzWith
          but this term has type
            ?m.1
          
          Note: Expected a function because this term is being applied to the argument
            ⟨C.ratio, C.ratio_nn⟩
          
          Hint: The identifier `LipschitzWith` is unknown, and Lean's `autoImplicit` option causes an unknown identifier to be treated as an implicitly bound variable with an unknown type. However, the unknown type cannot be a function, and a function is what Lean expects here. This is often the result of a typo or a missing `import` or `open` statement.

  0 ok, 1 failed
[ 120/ 280] /Users/pablogrossi/Desktop/GTCT/GTCTsorryFree.lean
project:   /Users/pablogrossi/Desktop/geometry  (leanprover/lean4:v4.32.0)
mathlib:   leanprover/lean4:v4.32.0

  OK     115s  GTCTsorryFree.lean
        audit: 43 declarations, all within the permitted three
        report: tools/verify-audit/2026-09-09/GTCTsorryFree.axioms.txt

  1 ok, 0 failed
[ 121/ 280] /Users/pablogrossi/Desktop/GTCT/Nested_Infinities/Cardinal.lean
project:   /Users/pablogrossi/Desktop/geometry  (leanprover/lean4:v4.32.0)
mathlib:   leanprover/lean4:v4.32.0

  OK      48s  Cardinal.lean
        audit: 4 declarations, all within the permitted three
        report: tools/verify-audit/2026-09-09/Cardinal.axioms.txt

  1 ok, 0 failed
[ 122/ 280] /Users/pablogrossi/Desktop/GTCT/Nested_Infinities/GTCT.lean
project:   /Users/pablogrossi/Desktop/geometry  (leanprover/lean4:v4.32.0)
mathlib:   leanprover/lean4:v4.32.0

  FAIL    60s  GTCT.lean  (3 errors)
          /Users/pablogrossi/Desktop/GTCT/Nested_Infinities/GTCT.lean:68:4: error(lean.dependsOnNoncomputable): `NestedInfinities.GTCT.U` not supported by code generator; consider marking definition as `noncomputable`
          /Users/pablogrossi/Desktop/GTCT/Nested_Infinities/GTCT.lean:88:6: error(lean.synthInstanceFailed): failed to synthesize instance of type class
            Dist OperatorSpace
          
          Hint: Type class instance resolution failures can be inspected with the `set_option trace.Meta.synthInstance true` command.
          /Users/pablogrossi/Desktop/GTCT/Nested_Infinities/GTCT.lean:88:29: error(lean.synthInstanceFailed): failed to synthesize instance of type class
            Dist OperatorSpace
          
          Hint: Type class instance resolution failures can be inspected with the `set_option trace.Meta.synthInstance true` command.

  0 ok, 1 failed
[ 123/ 280] /Users/pablogrossi/Desktop/GTCT/Nested_Infinities/Ordinal.lean
project:   /Users/pablogrossi/Desktop/geometry  (leanprover/lean4:v4.32.0)
mathlib:   leanprover/lean4:v4.32.0

  OK      18s  Ordinal.lean
        audit: 4 declarations — GATE REFUSED
          ::error::sorryAx present - a theorem is admitted, not proved
          ::error::NestedInfinities.omega0_not_succ depends on sorryAx
          ::error::NestedInfinities.omega0_lt_omega0_add_omega0 depends on sorryAx
          ::error::NestedInfinities.exists_epsilon0 depends on sorryAx
          ::error::permitted axioms are Classical.choice, Quot.sound, propext.
          ::error::native_decide leaves Lean.ofReduceBool and is NOT a kernel check; sorryAx means the theorem is admitted.
        report: tools/verify-audit/2026-09-09/Ordinal.axioms.txt

  1 ok, 0 failed
[ 124/ 280] /Users/pablogrossi/Desktop/GTCT/Nested_Infinities/Surreal.lean
project:   /Users/pablogrossi/Desktop/geometry  (leanprover/lean4:v4.32.0)
mathlib:   leanprover/lean4:v4.32.0

  FAIL     4s  Surreal.lean  (1 errors)
          /Users/pablogrossi/Desktop/GTCT/Nested_Infinities/Surreal.lean:17:0: error: object file '/Users/pablogrossi/Desktop/geometry/.lake/packages/mathlib/.lake/build/lib/lean/Mathlib/SetTheory/Surreal/Basic.olean' of module Mathlib.SetTheory.Surreal.Basic does not exist

  0 ok, 1 failed
[ 125/ 280] /Users/pablogrossi/Desktop/GTCT/book4/Bhaskara.lean
project:   /Users/pablogrossi/Desktop/geometry  (leanprover/lean4:v4.32.0)
mathlib:   leanprover/lean4:v4.32.0

  OK     316s  Bhaskara.lean
        audit: 11 declarations — GATE REFUSED
          ::error::axiom report line did not parse; the gate cannot read it:
          ::error::  'Bhaskara.brahmagupta'' depends on axioms: [propext, Quot.sound]
          ::error::expected 11 theorems in this report, found 10 - one was renamed, removed, or failed to elaborate
        report: tools/verify-audit/2026-09-09/Bhaskara.axioms.txt

  1 ok, 0 failed
[ 126/ 280] /Users/pablogrossi/Desktop/GTCT/book4/ZetaFELogDeriv.lean
project:   /Users/pablogrossi/Desktop/geometry  (leanprover/lean4:v4.32.0)
mathlib:   leanprover/lean4:v4.32.0

  OK      94s  ZetaFELogDeriv.lean
        audit: 7 declarations, all within the permitted three
        report: tools/verify-audit/2026-09-09/ZetaFELogDeriv.axioms.txt

  1 ok, 0 failed
[ 127/ 280] skip (done today) /Users/pablogrossi/Desktop/GTCT/deposits/rh-arithmetic-contact-v1/ZetaReflection.lean
[ 128/ 280] /Users/pablogrossi/Desktop/GTCT/dm3CriticalityPrinciple_extended.lean
project:   /Users/pablogrossi/Desktop/geometry  (leanprover/lean4:v4.32.0)
mathlib:   leanprover/lean4:v4.32.0

  FAIL     6s  dm3CriticalityPrinciple_extended.lean  (1 errors)
          /Users/pablogrossi/Desktop/GTCT/dm3CriticalityPrinciple_extended.lean:1:0: error: unknown module prefix 'GTCT'
          
          No directory 'GTCT' or file 'GTCT.olean' in the search path entries:
          /Users/pablogrossi/Desktop/geometry/.lake/packages/Cli/.lake/build/lib/lean
          /Users/pablogrossi/Desktop/geometry/.lake/packages/batteries/.lake/build/lib/lean
          /Users/pablogrossi/Desktop/geometry/.lake/packages/Qq/.lake/build/lib/lean
          /Users/pablogrossi/Desktop/geometry/.lake/packages/aesop/.lake/build/lib/lean
          /Users/pablogrossi/Desktop/geometry/.lake/packages/proofwidgets/.lake/build/lib/lean
          /Users/pablogrossi/Desktop/geometry/.lake/packages/importGraph/.lake/build/lib/lean
          /Users/pablogrossi/Desktop/geometry/.lake/packages/LeanSearchClient/.lake/build/lib/lean
          /Users/pablogrossi/Desktop/geometry/.lake/packages/plausible/.lake/build/lib/lean
          /Users/pablogrossi/Desktop/geometry/.lake/packages/mathlib/.lake/build/lib/lean
          /Users/pablogrossi/Desktop/geometry/.lake/build/lib/lean
          /Users/pablogrossi/.elan/toolchains/leanprover--lean4---v4.32.0/lib/lean
          /Users/pablogrossi/.elan/toolchains/leanprover--lean4---v4.32.0/lib/lean

  0 ok, 1 failed
[ 129/ 280] /Users/pablogrossi/Desktop/vol1-proofs/AutophagyDm3_v2.lean
project:   /Users/pablogrossi/Desktop/geometry  (leanprover/lean4:v4.32.0)
mathlib:   leanprover/lean4:v4.32.0

  FAIL     5s  AutophagyDm3_v2.lean  (1 errors)
          /Users/pablogrossi/Desktop/vol1-proofs/AutophagyDm3_v2.lean:2:0: error: object file '/Users/pablogrossi/Desktop/geometry/.lake/packages/mathlib/.lake/build/lib/lean/Mathlib/Topology/Instances/Real.olean' of module Mathlib.Topology.Instances.Real does not exist

  0 ok, 1 failed
[ 130/ 280] /Users/pablogrossi/Desktop/vol1-proofs/AutophagyMerged_draft.lean
project:   /Users/pablogrossi/Desktop/geometry  (leanprover/lean4:v4.32.0)
mathlib:   leanprover/lean4:v4.32.0

  FAIL    19s  AutophagyMerged_draft.lean  (1 errors)
          /Users/pablogrossi/Desktop/vol1-proofs/AutophagyMerged_draft.lean:2:0: error: object file '/Users/pablogrossi/Desktop/geometry/.lake/packages/mathlib/.lake/build/lib/lean/Mathlib/Topology/Instances/Real.olean' of module Mathlib.Topology.Instances.Real does not exist

  0 ok, 1 failed
[ 131/ 280] /Users/pablogrossi/Desktop/vol1-proofs/AutophagyMerged_selfcheck.lean
project:   /Users/pablogrossi/Desktop/geometry  (leanprover/lean4:v4.32.0)
mathlib:   leanprover/lean4:v4.32.0

  FAIL    11s  AutophagyMerged_selfcheck.lean  (1 errors)
          /Users/pablogrossi/Desktop/vol1-proofs/AutophagyMerged_selfcheck.lean:2:0: error: object file '/Users/pablogrossi/Desktop/geometry/.lake/packages/mathlib/.lake/build/lib/lean/Mathlib/Topology/Instances/Real.olean' of module Mathlib.Topology.Instances.Real does not exist

  0 ok, 1 failed
[ 132/ 280] /Users/pablogrossi/Desktop/vol1-proofs/PrincipiaVol1.lean
project:   /Users/pablogrossi/Desktop/geometry  (leanprover/lean4:v4.32.0)
mathlib:   leanprover/lean4:v4.32.0

  FAIL    10s  PrincipiaVol1.lean  (1 errors)
          /Users/pablogrossi/Desktop/vol1-proofs/PrincipiaVol1.lean:141:0: error: object file '/Users/pablogrossi/Desktop/geometry/.lake/packages/mathlib/.lake/build/lib/lean/Mathlib/Data/Complex/ExponentialBounds.olean' of module Mathlib.Data.Complex.ExponentialBounds does not exist

  0 ok, 1 failed
[ 133/ 280] /Users/pablogrossi/Desktop/3M/Conformal.lean
project:   /Users/pablogrossi/Desktop/geometry  (leanprover/lean4:v4.32.0)
mathlib:   leanprover/lean4:v4.32.0

  FAIL     6s  Conformal.lean  (1 errors)
          /Users/pablogrossi/Desktop/3M/Conformal.lean:1:0: error: object file '/Users/pablogrossi/Desktop/geometry/.lake/packages/mathlib/.lake/build/lib/lean/Mathlib/LinearAlgebra/Matrix.olean' of module Mathlib.LinearAlgebra.Matrix does not exist

  0 ok, 1 failed
[ 134/ 280] /Users/pablogrossi/Desktop/3M/FoldEvents.lean
project:   /Users/pablogrossi/Desktop/geometry  (leanprover/lean4:v4.32.0)
mathlib:   leanprover/lean4:v4.32.0

  FAIL   156s  FoldEvents.lean  (3 errors)
          /Users/pablogrossi/Desktop/3M/FoldEvents.lean:103:41: error: maximum recursion depth has been reached
          use `set_option maxRecDepth <num>` to increase limit
          use `set_option diagnostics true` to get diagnostic information
          /Users/pablogrossi/Desktop/3M/FoldEvents.lean:104:41: error: maximum recursion depth has been reached
          use `set_option maxRecDepth <num>` to increase limit
          use `set_option diagnostics true` to get diagnostic information
          /Users/pablogrossi/Desktop/3M/FoldEvents.lean:105:40: error: maximum recursion depth has been reached
          use `set_option maxRecDepth <num>` to increase limit
          use `set_option diagnostics true` to get diagnostic information

  0 ok, 1 failed
[ 135/ 280] /Users/pablogrossi/Desktop/3M/GTCT_BSD_Bridge.lean
project:   /Users/pablogrossi/Desktop/geometry  (leanprover/lean4:v4.32.0)
mathlib:   leanprover/lean4:v4.32.0

  FAIL     6s  GTCT_BSD_Bridge.lean  (1 errors)
          /Users/pablogrossi/Desktop/3M/GTCT_BSD_Bridge.lean:27:0: error: object file '/Users/pablogrossi/Desktop/geometry/.lake/packages/mathlib/.lake/build/lib/lean/Mathlib/NumberTheory/Padics/PadicVal.olean' of module Mathlib.NumberTheory.Padics.PadicVal does not exist

  0 ok, 1 failed
[ 136/ 280] /Users/pablogrossi/Desktop/3M/TribonacciDNLS.lean
project:   /Users/pablogrossi/Desktop/geometry  (leanprover/lean4:v4.32.0)
mathlib:   leanprover/lean4:v4.32.0

  FAIL     3s  TribonacciDNLS.lean  (1 errors)
          /Users/pablogrossi/Desktop/3M/TribonacciDNLS.lean:35:0: error: invalid 'import' command, it must be used in the beginning of the file

  0 ok, 1 failed
[ 137/ 280] /Users/pablogrossi/Desktop/dnls/DNLSFoundations.lean
project:   /Users/pablogrossi/Desktop/geometry  (leanprover/lean4:v4.32.0)
mathlib:   leanprover/lean4:v4.32.0

  FAIL     3s  DNLSFoundations.lean  (1 errors)
          /Users/pablogrossi/Desktop/dnls/DNLSFoundations.lean:52:0: error: invalid 'import' command, it must be used in the beginning of the file

  0 ok, 1 failed
[ 138/ 280] /Users/pablogrossi/Desktop/dnls/DNLS_MeasureTheory_Roadmap.lean
project:   /Users/pablogrossi/Desktop/geometry  (leanprover/lean4:v4.32.0)
mathlib:   leanprover/lean4:v4.32.0

  FAIL   348s  DNLS_MeasureTheory_Roadmap.lean  (18 errors)
          /Users/pablogrossi/Desktop/dnls/DNLS_MeasureTheory_Roadmap.lean:72:28: error(lean.synthInstanceFailed): failed to synthesize instance of type class
            MeasurableSpace PoreSpace
          
          Hint: Type class instance resolution failures can be inspected with the `set_option trace.Meta.synthInstance true` command.
          /Users/pablogrossi/Desktop/dnls/DNLS_MeasureTheory_Roadmap.lean:80:4: warning: declaration uses `sorry`
          /Users/pablogrossi/Desktop/dnls/DNLS_MeasureTheory_Roadmap.lean:85:27: warning: Variable name `hspacing` is not explicitly referenced.
          
          The binding can be removed (if unused) or named `_` (if used implicitly).
          
          Note: This linter can be disabled with `set_option linter.unusedVariables false`
          /Users/pablogrossi/Desktop/dnls/DNLS_MeasureTheory_Roadmap.lean:85:52: warning: Variable name `x` is not explicitly referenced.
          
          The binding can be removed (if unused) or named `_` (if used implicitly).
          
          Note: This linter can be disabled with `set_option linter.unusedVariables false`
          /Users/pablogrossi/Desktop/dnls/DNLS_MeasureTheory_Roadmap.lean:96:50: error(lean.synthInstanceFailed): failed to synthesize instance of type class
            MeasurableSpace PoreSpace
          
          Hint: Type class instance resolution failures can be inspected with the `set_option trace.Meta.synthInstance true` command.
          /Users/pablogrossi/Desktop/dnls/DNLS_MeasureTheory_Roadmap.lean:104:49: error(lean.synthInstanceFailed): failed to synthesize instance of type class
            MeasurableSpace PoreSpace
          
          Hint: Type class instance resolution failures can be inspected with the `set_option trace.Meta.synthInstance true` command.
          /Users/pablogrossi/Desktop/dnls/DNLS_MeasureTheory_Roadmap.lean:105:52: error(lean.synthInstanceFailed): failed to synthesize instance of type class
            MeasurableSpace PoreSpace
          
          Hint: Type class instance resolution failures can be inspected with the `set_option trace.Meta.synthInstance true` command.
          /Users/pablogrossi/Desktop/dnls/DNLS_MeasureTheory_Roadmap.lean:105:25: error: Function expected at
            Probability
          but this term has type
            ?m.3
          
          Note: Expected a function because this term is being applied to the argument
            ψ
          
          Hint: The identifier `Probability` is unknown, and Lean's `autoImplicit` option causes an unknown identifier to be treated as an implicitly bound variable with an unknown type. However, the unknown type cannot be a function, and a function is what Lean expects here. This is often the result of a typo or a missing `import` or `open` statement.
          /Users/pablogrossi/Desktop/dnls/DNLS_MeasureTheory_Roadmap.lean:115:60: error(lean.synthInstanceFailed): failed to synthesize instance of type class
            MeasurableSpace PoreSpace
          
          Hint: Type class instance resolution failures can be inspected with the `set_option trace.Meta.synthInstance true` command.
          /Users/pablogrossi/Desktop/dnls/DNLS_MeasureTheory_Roadmap.lean:115:28: error(lean.synthInstanceFailed): failed to synthesize instance of type class
            NormedAddCommGroup ℕ
          
          Hint: Type class instance resolution failures can be inspected with the `set_option trace.Meta.synthInstance true` command.
          /Users/pablogrossi/Desktop/dnls/DNLS_MeasureTheory_Roadmap.lean:115:33: error: Function expected at
            Probability
          but this term has type
            ?m.3
          
          Note: Expected a function because this term is being applied to the argument
            ψ
          
          Hint: The identifier `Probability` is unknown, and Lean's `autoImplicit` option causes an unknown identifier to be treated as an implicitly bound variable with an unknown type. However, the unknown type cannot be a function, and a function is what Lean expects here. This is often the result of a typo or a missing `import` or `open` statement.
          /Users/pablogrossi/Desktop/dnls/DNLS_MeasureTheory_Roadmap.lean:141:26: error(lean.synthInstanceFailed): failed to synthesize instance of type class
            MeasurableSpace PoreSpace
          
          Hint: Type class instance resolution failures can be inspected with the `set_option trace.Meta.synthInstance true` command.
          /Users/pablogrossi/Desktop/dnls/DNLS_MeasureTheory_Roadmap.lean:149:14: error(lean.synthInstanceFailed): failed to synthesize instance of type class
            MeasurableSpace PoreSpace
          
          Hint: Type class instance resolution failures can be inspected with the `set_option trace.Meta.synthInstance true` command.
          /Users/pablogrossi/Desktop/dnls/DNLS_MeasureTheory_Roadmap.lean:155:52: warning: Variable name `lam` is not explicitly referenced.
          
          The binding can be removed (if unused) or named `_` (if used implicitly).
          
          Note: This linter can be disabled with `set_option linter.unusedVariables false`
          /Users/pablogrossi/Desktop/dnls/DNLS_MeasureTheory_Roadmap.lean:155:62: warning: Variable name `R` is not explicitly referenced.
          
          The binding can be removed (if unused) or named `_` (if used implicitly).
          

  0 ok, 1 failed
[ 139/ 280] /Users/pablogrossi/Desktop/dnls/criticality_paper/AutophagyDm3.lean
project:   /Users/pablogrossi/Desktop/geometry  (leanprover/lean4:v4.32.0)
mathlib:   leanprover/lean4:v4.32.0

  FAIL     6s  AutophagyDm3.lean  (1 errors)
          /Users/pablogrossi/Desktop/dnls/criticality_paper/AutophagyDm3.lean:59:0: error: invalid 'import' command, it must be used in the beginning of the file

  0 ok, 1 failed
[ 140/ 280] /Users/pablogrossi/Desktop/b3s/vitruvian/vitruvian.lean
project:   /Users/pablogrossi/Desktop/geometry  (leanprover/lean4:v4.32.0)
mathlib:   leanprover/lean4:v4.32.0

  FAIL     2s  vitruvian.lean  (1 errors)
          /Users/pablogrossi/Desktop/b3s/vitruvian/vitruvian.lean:79:0: error: invalid 'import' command, it must be used in the beginning of the file

  0 ok, 1 failed
[ 141/ 280] /Users/pablogrossi/Desktop/grossi-ops/g6/AXLE_CollatzEmbedding.lean
project:   /Users/pablogrossi/Desktop/geometry  (leanprover/lean4:v4.32.0)
mathlib:   leanprover/lean4:v4.32.0

  FAIL     2s  AXLE_CollatzEmbedding.lean  (1 errors)
          /Users/pablogrossi/Desktop/grossi-ops/g6/AXLE_CollatzEmbedding.lean:58:0: error: object file '/Users/pablogrossi/Desktop/geometry/.lake/packages/mathlib/.lake/build/lib/lean/Mathlib/NumberTheory/Padics/PadicVal.olean' of module Mathlib.NumberTheory.Padics.PadicVal does not exist

  0 ok, 1 failed
[ 142/ 280] /Users/pablogrossi/Desktop/grossi-ops/g6/AXLE_Issue12.lean
project:   /Users/pablogrossi/Desktop/geometry  (leanprover/lean4:v4.32.0)
mathlib:   leanprover/lean4:v4.32.0

  FAIL    64s  AXLE_Issue12.lean  (9 errors)
          /Users/pablogrossi/Desktop/grossi-ops/g6/AXLE_Issue12.lean:85:2: error: No goals to be solved
          Try this:
            [apply] ring_nf
            
            The `ring` tactic failed to close the goal. Use `ring_nf` to obtain a normal form.
              
            Note that `ring` works primarily in *commutative* rings. If you have a noncommutative ring, abelian group or module, consider using `noncomm_ring`, `abel` or `module` instead.
          /Users/pablogrossi/Desktop/grossi-ops/g6/AXLE_Issue12.lean:92:78: error: unsolved goals
          r z : ℝ
          ⊢ -1 + r * 3 - r * rexp (-z) * 6 - r ^ 2 * 3 + r ^ 2 * rexp (-z) * 6 + r ^ 3 - r ^ 3 * rexp (-z) * 2 + rexp (-z) * 2 =
              1 - r * 3 + r * rexp (-z) * 6 + r ^ 2 * 3 - r ^ 2 * rexp (-z) * 6 - r ^ 3 + r ^ 3 * rexp (-z) * 2 - rexp (-z) * 2
          /Users/pablogrossi/Desktop/grossi-ops/g6/AXLE_Issue12.lean:102:8: error: expected token
          /Users/pablogrossi/Desktop/grossi-ops/g6/AXLE_Issue12.lean:122:8: error: expected token
          /Users/pablogrossi/Desktop/grossi-ops/g6/AXLE_Issue12.lean:159:8: error: expected token
          /Users/pablogrossi/Desktop/grossi-ops/g6/AXLE_Issue12.lean:197:5: error: unknown tactic
          /Users/pablogrossi/Desktop/grossi-ops/g6/AXLE_Issue12.lean:193:55: error(lean.synthInstanceFailed): failed to synthesize instance of type class
            HPow ℝ ℝ ?m.48
          
          Hint: Type class instance resolution failures can be inspected with the `set_option trace.Meta.synthInstance true` command.
          /Users/pablogrossi/Desktop/grossi-ops/g6/AXLE_Issue12.lean:196:21: error: unsolved goals
          z_min : ℝ
          hz_min : z_min ≥ -1
          κ : ℝ := rexp (-2)
          ⊢ κ < 1
          /Users/pablogrossi/Desktop/grossi-ops/g6/AXLE_Issue12.lean:193:65: error: unsolved goals
          z_min : ℝ
          hz_min : z_min ≥ -1
          κ : ℝ := rexp (-2)
          hκ : κ < 1
          ⊢ ∃ κ, ∃ (_ : κ < 1), ∃ C, ∃ (_ : C > 0), ∀ (r₀ z₀ : ℝ), z₀ ≥ z_min → eps r₀ ∈ Icc (-δ z₀) 0 → ∀ t ≥ 0, sorry

  0 ok, 1 failed
[ 143/ 280] /Users/pablogrossi/Desktop/grossi-ops/g6/Conformal.lean
project:   /Users/pablogrossi/Desktop/geometry  (leanprover/lean4:v4.32.0)
mathlib:   leanprover/lean4:v4.32.0

  FAIL     5s  Conformal.lean  (1 errors)
          /Users/pablogrossi/Desktop/grossi-ops/g6/Conformal.lean:1:0: error: object file '/Users/pablogrossi/Desktop/geometry/.lake/packages/mathlib/.lake/build/lib/lean/Mathlib/LinearAlgebra/Matrix.olean' of module Mathlib.LinearAlgebra.Matrix does not exist

  0 ok, 1 failed
[ 144/ 280] /Users/pablogrossi/Desktop/grossi-ops/g6/DiscreteDM3Bridge.lean
project:   /Users/pablogrossi/Desktop/geometry  (leanprover/lean4:v4.32.0)
mathlib:   leanprover/lean4:v4.32.0

  FAIL     5s  DiscreteDM3Bridge.lean  (1 errors)
          /Users/pablogrossi/Desktop/grossi-ops/g6/DiscreteDM3Bridge.lean:29:0: error: unknown module prefix 'AXLE'
          
          No directory 'AXLE' or file 'AXLE.olean' in the search path entries:
          /Users/pablogrossi/Desktop/geometry/.lake/packages/Cli/.lake/build/lib/lean
          /Users/pablogrossi/Desktop/geometry/.lake/packages/batteries/.lake/build/lib/lean
          /Users/pablogrossi/Desktop/geometry/.lake/packages/Qq/.lake/build/lib/lean
          /Users/pablogrossi/Desktop/geometry/.lake/packages/aesop/.lake/build/lib/lean
          /Users/pablogrossi/Desktop/geometry/.lake/packages/proofwidgets/.lake/build/lib/lean
          /Users/pablogrossi/Desktop/geometry/.lake/packages/importGraph/.lake/build/lib/lean
          /Users/pablogrossi/Desktop/geometry/.lake/packages/LeanSearchClient/.lake/build/lib/lean
          /Users/pablogrossi/Desktop/geometry/.lake/packages/plausible/.lake/build/lib/lean
          /Users/pablogrossi/Desktop/geometry/.lake/packages/mathlib/.lake/build/lib/lean
          /Users/pablogrossi/Desktop/geometry/.lake/build/lib/lean
          /Users/pablogrossi/.elan/toolchains/leanprover--lean4---v4.32.0/lib/lean
          /Users/pablogrossi/.elan/toolchains/leanprover--lean4---v4.32.0/lib/lean

  0 ok, 1 failed
[ 145/ 280] /Users/pablogrossi/Desktop/grossi-ops/g6/HelicalAttractor.lean
project:   /Users/pablogrossi/Desktop/geometry  (leanprover/lean4:v4.32.0)
mathlib:   leanprover/lean4:v4.32.0

  FAIL     5s  HelicalAttractor.lean  (1 errors)
          /Users/pablogrossi/Desktop/grossi-ops/g6/HelicalAttractor.lean:45:0: error: object file '/Users/pablogrossi/Desktop/geometry/.lake/packages/mathlib/.lake/build/lib/lean/Mathlib/Algebra/Order/Floor.olean' of module Mathlib.Algebra.Order.Floor does not exist

  0 ok, 1 failed
[ 146/ 280] /Users/pablogrossi/Desktop/grossi-ops/g6/IterationGap.lean
project:   /Users/pablogrossi/Desktop/geometry  (leanprover/lean4:v4.32.0)
mathlib:   leanprover/lean4:v4.32.0

  FAIL     7s  IterationGap.lean  (1 errors)
          /Users/pablogrossi/Desktop/grossi-ops/g6/IterationGap.lean:46:0: error: object file '/Users/pablogrossi/Desktop/geometry/.lake/packages/mathlib/.lake/build/lib/lean/Mathlib/Algebra/Order/Floor.olean' of module Mathlib.Algebra.Order.Floor does not exist

  0 ok, 1 failed
[ 147/ 280] /Users/pablogrossi/Desktop/grossi-ops/g6/Main.lean
project:   /Users/pablogrossi/Desktop/geometry  (leanprover/lean4:v4.32.0)
mathlib:   leanprover/lean4:v4.32.0

  FAIL    88s  Main.lean  (59 errors)
          /Users/pablogrossi/Desktop/grossi-ops/g6/Main.lean:35:4: error(lean.unknownIdentifier): Unknown constant `Ordinal.sup`
          /Users/pablogrossi/Desktop/grossi-ops/g6/Main.lean:46:43: error(lean.unknownIdentifier): Unknown constant `Ordinal.IsLimit`
          /Users/pablogrossi/Desktop/grossi-ops/g6/Main.lean:63:4: error(lean.unknownIdentifier): Unknown constant `Ordinal.IsLimit`
          /Users/pablogrossi/Desktop/grossi-ops/g6/Main.lean:65:2: error: No goals to be solved
          /Users/pablogrossi/Desktop/grossi-ops/g6/Main.lean:80:12: error(lean.synthInstanceFailed): failed to synthesize instance of type class
            HAdd Ordinal.{u_1} (Ordinal.{?u.14} ↪o Ordinal.{?u.14}) ?m.10
          
          Hint: Type class instance resolution failures can be inspected with the `set_option trace.Meta.synthInstance true` command.
          /Users/pablogrossi/Desktop/grossi-ops/g6/Main.lean:81:13: error(lean.unknownIdentifier): Unknown constant `Ordinal.lt_add_of_pos_right`
          /Users/pablogrossi/Desktop/grossi-ops/g6/Main.lean:82:13: error(lean.unknownIdentifier): Unknown constant `Ordinal.IsLimit.add_right`
          /Users/pablogrossi/Desktop/grossi-ops/g6/Main.lean:88:24: error(lean.unknownIdentifier): Unknown constant `Ordinal.IsLimit`
          /Users/pablogrossi/Desktop/grossi-ops/g6/Main.lean:89:27: error: Type mismatch
            α.card.ord
          has type
            Ordinal.{?u.7}
          but is expected to have type
            Ordinal.{?u.7} ↪o Ordinal.{?u.7}
          /Users/pablogrossi/Desktop/grossi-ops/g6/Main.lean:91:4: error(lean.unknownIdentifier): Unknown constant `Ordinal.sup`
          /Users/pablogrossi/Desktop/grossi-ops/g6/Main.lean:92:8: error(lean.unknownIdentifier): Unknown constant `Ordinal.sup_lt_ord`
          /Users/pablogrossi/Desktop/grossi-ops/g6/Main.lean:93:2: error: No goals to be solved
          /Users/pablogrossi/Desktop/grossi-ops/g6/Main.lean:109:24: error(lean.unknownIdentifier): Unknown constant `Ordinal.IsLimit`
          /Users/pablogrossi/Desktop/grossi-ops/g6/Main.lean:110:27: error: Type mismatch
            α.card.ord
          has type
            Ordinal.{?u.7}
          but is expected to have type
            Ordinal.{?u.7} ↪o Ordinal.{?u.7}
          /Users/pablogrossi/Desktop/grossi-ops/g6/Main.lean:125:6: error: Application type mismatch: The argument
            (Classical.choose_spec (step (if k = 0 then 0 else sk) ?m.103)).left
          has type
            Classical.choose ⋯ < α
          but is expected to have type
            sk < α
          in the application
            step sk (Classical.choose_spec (step (if k = 0 then 0 else sk) ?m.103)).left
          /Users/pablogrossi/Desktop/grossi-ops/g6/Main.lean:130:22: error: Type mismatch
            (Classical.choose_spec (step 0 hα0)).left
          has type
            Classical.choose ⋯ < α
          but is expected to have type
            sk < α
          /Users/pablogrossi/Desktop/grossi-ops/g6/Main.lean:131:24: error: Type mismatch
            (Classical.choose_spec (step (Classical.choose (step 0 hα0)) (Classical.choose_spec (step 0 hα0)).left)).left
          has type
            Classical.choose ⋯ < α
          but is expected to have type
            sk < α
          /Users/pablogrossi/Desktop/grossi-ops/g6/Main.lean:143:17: error: Type mismatch
            hc₀α
          has type
            c₀ < α
          but is expected to have type
            ck < α
          /Users/pablogrossi/Desktop/grossi-ops/g6/Main.lean:144:10: error: Type mismatch
            (Classical.choose_spec (step ck hm)).left
          has type
            Classical.choose ⋯ < α
          but is expected to have type
            ck < α
          /Users/pablogrossi/Desktop/grossi-ops/g6/Main.lean:145:23: error(lean.unknownIdentifier): Unknown identifier `c`
          /Users/pablogrossi/Desktop/grossi-ops/g6/Main.lean:111:50: error: unsolved goals
          case refine_2
          α : Ordinal.{u_1}
          hα : sorry
          hcf : sorry
          C : Set Ordinal.{u_1}
          hC_closed : IsOmegaClosedBelow C α
          hC_unbounded : IsUnboundedBelow C α
          hα0 : 0 < α
          step : ∀ β < α, ∃ γ < α, γ ∈ C ∧ β < γ

  0 ok, 1 failed
[ 148/ 280] /Users/pablogrossi/Desktop/grossi-ops/g6/Main_v3.lean
project:   /Users/pablogrossi/Desktop/geometry  (leanprover/lean4:v4.32.0)
mathlib:   leanprover/lean4:v4.32.0

  FAIL    54s  Main_v3.lean  (18 errors)
          /Users/pablogrossi/Desktop/grossi-ops/g6/Main_v3.lean:37:12: error: Application type mismatch: The argument
            M.metric
          has type
            MetricSpace M.carrier
          but is expected to have type
            Dist ?m.1
          in the application
            @dist ?m.1 M.metric
          /Users/pablogrossi/Desktop/grossi-ops/g6/Main_v3.lean:37:47: error: Application type mismatch: The argument
            M.metric
          has type
            MetricSpace M.carrier
          but is expected to have type
            Dist ?m.2
          in the application
            @dist ?m.2 M.metric
          /Users/pablogrossi/Desktop/grossi-ops/g6/Main_v3.lean:74:17: error(lean.unknownIdentifier): Unknown constant `Real.pi`
          /Users/pablogrossi/Desktop/grossi-ops/g6/Main_v3.lean:80:4: error(lean.dependsOnNoncomputable): failed to compile definition, consider marking it as 'noncomputable' because it depends on 'Real.instDivInvMonoid', which is 'noncomputable'
          /Users/pablogrossi/Desktop/grossi-ops/g6/Main_v3.lean:86:8: warning: declaration uses `sorry`
          /Users/pablogrossi/Desktop/grossi-ops/g6/Main_v3.lean:97:54: error: maximum recursion depth has been reached
          use `set_option maxRecDepth <num>` to increase limit
          use `set_option diagnostics true` to get diagnostic information
          /Users/pablogrossi/Desktop/grossi-ops/g6/Main_v3.lean:130:20: error: No goals to be solved
          /Users/pablogrossi/Desktop/grossi-ops/g6/Main_v3.lean:136:21: error: Application type mismatch: The argument
            Nat.le_add_right ?m.17 ?m.18
          has type
            ?m.17 ≤ ?m.17 + ?m.18
          but is expected to have type
            (nextLevel r).layer_count ≥ r.layer_count
          in the application
            ⟨rfl, Nat.le_add_right ?m.17 ?m.18⟩
          /Users/pablogrossi/Desktop/grossi-ops/g6/Main_v3.lean:185:6: error(lean.unknownIdentifier): Unknown constant `Ordinal.omega`
          /Users/pablogrossi/Desktop/grossi-ops/g6/Main_v3.lean:187:22: error(lean.unknownIdentifier): Unknown constant `Ordinal.lt_succ`
          /Users/pablogrossi/Desktop/grossi-ops/g6/Main_v3.lean:188:12: error(lean.unknownIdentifier): Unknown constant `Ordinal.omega`
          /Users/pablogrossi/Desktop/grossi-ops/g6/Main_v3.lean:189:18: warning: `Ordinal.le_add_left` has been deprecated: Use `le_add_self` instead
          
          Note: The updated constant has a different type:
            ∀ {α : Type u} [inst : Add α] [inst_1 : LE α] [CanonicallyOrderedAdd α] {a b : α}, a ≤ b + a
          instead of
            ∀ (a b : Ordinal.{u_1}), a ≤ b + a
          
          Note: The updated constant is in a different namespace. Dot notation may need to be changed (e.g., from `x.le_add_left` to `le_add_self x`).
          /Users/pablogrossi/Desktop/grossi-ops/g6/Main_v3.lean:191:18: error(lean.unknownIdentifier): Unknown constant `Ordinal.lt_succ`
          /Users/pablogrossi/Desktop/grossi-ops/g6/Main_v3.lean:191:40: error: omega could not prove the goal:
          No usable constraints found. You may need to unfold definitions so `omega` can see linear arithmetic facts about `Nat` and `Int`, which may also involve multiplication, division, and modular remainder by constants.
          /Users/pablogrossi/Desktop/grossi-ops/g6/Main_v3.lean:201:8: error(lean.unknownIdentifier): Unknown constant `Ordinal.lt_of_lt_of_le`
          /Users/pablogrossi/Desktop/grossi-ops/g6/Main_v3.lean:202:2: error: No goals to be solved
          /Users/pablogrossi/Desktop/grossi-ops/g6/Main_v3.lean:234:18: error: unexpected token ':='; expected '}'
          /Users/pablogrossi/Desktop/grossi-ops/g6/Main_v3.lean:233:8: error: Insufficient number of fields for `⟨...⟩` constructor: Constructor `Exists.intro` has 2 explicit field, but only 1 was provided
          /Users/pablogrossi/Desktop/grossi-ops/g6/Main_v3.lean:233:9: error: Fields missing: `triple`, `layer_count`
          /Users/pablogrossi/Desktop/grossi-ops/g6/Main_v3.lean:233:24: error: Function expected at
            1
          but this term has type
            ?m.19
          
          Note: Expected a function because this term is being applied to the argument
            triple

  0 ok, 1 failed
[ 149/ 280] /Users/pablogrossi/Desktop/grossi-ops/g6/Main_v3_corrected.lean
project:   /Users/pablogrossi/Desktop/geometry  (leanprover/lean4:v4.32.0)
mathlib:   leanprover/lean4:v4.32.0

  FAIL    58s  Main_v3_corrected.lean  (18 errors)
          /Users/pablogrossi/Desktop/grossi-ops/g6/Main_v3_corrected.lean:37:12: error: Application type mismatch: The argument
            M.metric
          has type
            MetricSpace M.carrier
          but is expected to have type
            Dist ?m.1
          in the application
            @dist ?m.1 M.metric
          /Users/pablogrossi/Desktop/grossi-ops/g6/Main_v3_corrected.lean:37:47: error: Application type mismatch: The argument
            M.metric
          has type
            MetricSpace M.carrier
          but is expected to have type
            Dist ?m.2
          in the application
            @dist ?m.2 M.metric
          /Users/pablogrossi/Desktop/grossi-ops/g6/Main_v3_corrected.lean:74:17: error(lean.unknownIdentifier): Unknown constant `Real.pi`
          /Users/pablogrossi/Desktop/grossi-ops/g6/Main_v3_corrected.lean:80:4: error(lean.dependsOnNoncomputable): failed to compile definition, consider marking it as 'noncomputable' because it depends on 'Real.instDivInvMonoid', which is 'noncomputable'
          /Users/pablogrossi/Desktop/grossi-ops/g6/Main_v3_corrected.lean:86:8: warning: declaration uses `sorry`
          /Users/pablogrossi/Desktop/grossi-ops/g6/Main_v3_corrected.lean:97:54: error: maximum recursion depth has been reached
          use `set_option maxRecDepth <num>` to increase limit
          use `set_option diagnostics true` to get diagnostic information
          /Users/pablogrossi/Desktop/grossi-ops/g6/Main_v3_corrected.lean:128:20: error: No goals to be solved
          /Users/pablogrossi/Desktop/grossi-ops/g6/Main_v3_corrected.lean:134:21: error: Application type mismatch: The argument
            Nat.le_add_right ?m.17 ?m.18
          has type
            ?m.17 ≤ ?m.17 + ?m.18
          but is expected to have type
            (nextLevel r).layer_count ≥ r.layer_count
          in the application
            ⟨rfl, Nat.le_add_right ?m.17 ?m.18⟩
          /Users/pablogrossi/Desktop/grossi-ops/g6/Main_v3_corrected.lean:179:2: error(lean.unknownIdentifier): Unknown constant `Ordinal.IsLimit`
          /Users/pablogrossi/Desktop/grossi-ops/g6/Main_v3_corrected.lean:186:14: error(lean.unknownIdentifier): Unknown constant `Ordinal.omega`
          /Users/pablogrossi/Desktop/grossi-ops/g6/Main_v3_corrected.lean:187:10: error(lean.unknownIdentifier): Unknown constant `Ordinal.lt_add_of_pos_right`
          /Users/pablogrossi/Desktop/grossi-ops/g6/Main_v3_corrected.lean:188:10: error(lean.unknownIdentifier): Unknown constant `Ordinal.IsLimit.add_right`
          /Users/pablogrossi/Desktop/grossi-ops/g6/Main_v3_corrected.lean:195:27: error(lean.unknownIdentifier): Unknown constant `Ordinal.omega`
          /Users/pablogrossi/Desktop/grossi-ops/g6/Main_v3_corrected.lean:203:8: error(lean.unknownIdentifier): Unknown constant `Ordinal.lt_add_of_pos_right`
          /Users/pablogrossi/Desktop/grossi-ops/g6/Main_v3_corrected.lean:202:8: warning: declaration uses `sorry`
          /Users/pablogrossi/Desktop/grossi-ops/g6/Main_v3_corrected.lean:209:8: error(lean.unknownIdentifier): Unknown constant `Ordinal.IsLimit.add_right`
          /Users/pablogrossi/Desktop/grossi-ops/g6/Main_v3_corrected.lean:208:8: warning: declaration uses `sorry`
          /Users/pablogrossi/Desktop/grossi-ops/g6/Main_v3_corrected.lean:208:26: warning: declaration uses `sorry`
          /Users/pablogrossi/Desktop/grossi-ops/g6/Main_v3_corrected.lean:208:8: warning: This simp argument is unused:
            ordinalNextLevel
          
          Hint: Omit it from the simp argument list.
            simp [̵o̵r̵d̵i̵n̵a̵l̵N̵e̵x̵t̵L̵e̵v̵e̵l̵,̵ ̵i̵s̵R̵e̵g̵e̵n̵e̵r̵a̵t̵i̵o̵n̵C̵l̵o̵s̵u̵r̵e̵P̵o̵i̵n̵t̵]̵[̲i̲s̲R̲e̲g̲e̲n̲e̲r̲a̲t̲i̲o̲n̲C̲l̲o̲s̲u̲r̲e̲P̲o̲i̲n̲t̲]̲
          
          Note: This linter can be disabled with `set_option linter.unusedSimpArgs false`
          /Users/pablogrossi/Desktop/grossi-ops/g6/Main_v3_corrected.lean:228:18: error: unexpected token ':='; expected '}'
          /Users/pablogrossi/Desktop/grossi-ops/g6/Main_v3_corrected.lean:227:8: error: Insufficient number of fields for `⟨...⟩` constructor: Constructor `Exists.intro` has 2 explicit field, but only 1 was provided
          /Users/pablogrossi/Desktop/grossi-ops/g6/Main_v3_corrected.lean:227:20: error: Function expected at
            γ
          but this term has type
            Ordinal.{0}
          
          Note: Expected a function because this term is being applied to the argument
            triple
          /Users/pablogrossi/Desktop/grossi-ops/g6/Main_v3_corrected.lean:227:9: error: Fields missing: `triple`, `layer_count`

  0 ok, 1 failed
[ 150/ 280] /Users/pablogrossi/Desktop/grossi-ops/g6/Main_v4.lean
project:   /Users/pablogrossi/Desktop/geometry  (leanprover/lean4:v4.32.0)
mathlib:   leanprover/lean4:v4.32.0

  FAIL    51s  Main_v4.lean  (33 errors)
          /Users/pablogrossi/Desktop/grossi-ops/g6/Main_v4.lean:39:12: error: Application type mismatch: The argument
            M.metric
          has type
            MetricSpace M.carrier
          but is expected to have type
            Dist ?m.1
          in the application
            @dist ?m.1 M.metric
          /Users/pablogrossi/Desktop/grossi-ops/g6/Main_v4.lean:39:47: error: Application type mismatch: The argument
            M.metric
          has type
            MetricSpace M.carrier
          but is expected to have type
            Dist ?m.2
          in the application
            @dist ?m.2 M.metric
          /Users/pablogrossi/Desktop/grossi-ops/g6/Main_v4.lean:72:17: error(lean.unknownIdentifier): Unknown constant `Real.pi`
          /Users/pablogrossi/Desktop/grossi-ops/g6/Main_v4.lean:78:4: error(lean.dependsOnNoncomputable): failed to compile definition, consider marking it as 'noncomputable' because it depends on 'Real.instDivInvMonoid', which is 'noncomputable'
          /Users/pablogrossi/Desktop/grossi-ops/g6/Main_v4.lean:84:8: warning: declaration uses `sorry`
          /Users/pablogrossi/Desktop/grossi-ops/g6/Main_v4.lean:91:54: error: maximum recursion depth has been reached
          use `set_option maxRecDepth <num>` to increase limit
          use `set_option diagnostics true` to get diagnostic information
          /Users/pablogrossi/Desktop/grossi-ops/g6/Main_v4.lean:118:20: error: No goals to be solved
          /Users/pablogrossi/Desktop/grossi-ops/g6/Main_v4.lean:124:21: error: Application type mismatch: The argument
            Nat.le_add_right ?m.17 ?m.18
          has type
            ?m.17 ≤ ?m.17 + ?m.18
          but is expected to have type
            (nextLevel r).layer_count ≥ r.layer_count
          in the application
            ⟨rfl, Nat.le_add_right ?m.17 ?m.18⟩
          /Users/pablogrossi/Desktop/grossi-ops/g6/Main_v4.lean:146:2: error(lean.unknownIdentifier): Unknown constant `Ordinal.IsLimit`
          /Users/pablogrossi/Desktop/grossi-ops/g6/Main_v4.lean:151:14: error(lean.unknownIdentifier): Unknown constant `Ordinal.omega`
          /Users/pablogrossi/Desktop/grossi-ops/g6/Main_v4.lean:152:10: error(lean.unknownIdentifier): Unknown constant `Ordinal.lt_add_of_pos_right`
          /Users/pablogrossi/Desktop/grossi-ops/g6/Main_v4.lean:153:10: error(lean.unknownIdentifier): Unknown constant `Ordinal.IsLimit.add_right`
          /Users/pablogrossi/Desktop/grossi-ops/g6/Main_v4.lean:157:27: error(lean.unknownIdentifier): Unknown constant `Ordinal.omega`
          /Users/pablogrossi/Desktop/grossi-ops/g6/Main_v4.lean:164:8: error(lean.unknownIdentifier): Unknown constant `Ordinal.lt_add_of_pos_right`
          /Users/pablogrossi/Desktop/grossi-ops/g6/Main_v4.lean:163:8: warning: declaration uses `sorry`
          /Users/pablogrossi/Desktop/grossi-ops/g6/Main_v4.lean:169:8: error(lean.unknownIdentifier): Unknown constant `Ordinal.IsLimit.add_right`
          /Users/pablogrossi/Desktop/grossi-ops/g6/Main_v4.lean:168:8: warning: declaration uses `sorry`
          /Users/pablogrossi/Desktop/grossi-ops/g6/Main_v4.lean:168:26: warning: declaration uses `sorry`
          /Users/pablogrossi/Desktop/grossi-ops/g6/Main_v4.lean:168:8: warning: This simp argument is unused:
            ordinalNextLevel
          
          Hint: Omit it from the simp argument list.
            simp [̵o̵r̵d̵i̵n̵a̵l̵N̵e̵x̵t̵L̵e̵v̵e̵l̵,̵ ̵i̵s̵R̵e̵g̵e̵n̵e̵r̵a̵t̵i̵o̵n̵C̵l̵o̵s̵u̵r̵e̵P̵o̵i̵n̵t̵]̵[̲i̲s̲R̲e̲g̲e̲n̲e̲r̲a̲t̲i̲o̲n̲C̲l̲o̲s̲u̲r̲e̲P̲o̲i̲n̲t̲]̲
          
          Note: This linter can be disabled with `set_option linter.unusedSimpArgs false`
          /Users/pablogrossi/Desktop/grossi-ops/g6/Main_v4.lean:184:18: error: unexpected token ':='; expected '}'
          /Users/pablogrossi/Desktop/grossi-ops/g6/Main_v4.lean:183:8: error: Insufficient number of fields for `⟨...⟩` constructor: Constructor `Exists.intro` has 2 explicit field, but only 1 was provided
          /Users/pablogrossi/Desktop/grossi-ops/g6/Main_v4.lean:183:20: error: Function expected at
            γ
          but this term has type
            Ordinal.{0}
          
          Note: Expected a function because this term is being applied to the argument
            triple
          /Users/pablogrossi/Desktop/grossi-ops/g6/Main_v4.lean:183:9: error: Fields missing: `triple`, `layer_count`
          /Users/pablogrossi/Desktop/grossi-ops/g6/Main_v4.lean:218:4: error(lean.unknownIdentifier): Unknown constant `Ordinal.sup`
          /Users/pablogrossi/Desktop/grossi-ops/g6/Main_v4.lean:222:4: error(lean.invalidField): Invalid field `IsClosedBelow`: The environment does not contain `Function.IsClosedBelow`, so it is not possible to project the field `IsClosedBelow` from an expression
            C
          of type `Ordinal.{?u.3} → Prop`
          /Users/pablogrossi/Desktop/grossi-ops/g6/Main_v4.lean:222:24: error(lean.invalidField): Invalid field `IsUnboundedBelow`: The environment does not contain `Function.IsUnboundedBelow`, so it is not possible to project the field `IsUnboundedBelow` from an expression
            C
          of type `Ordinal.{?u.3} → Prop`
          /Users/pablogrossi/Desktop/grossi-ops/g6/Main_v4.lean:227:23: error(lean.invalidField): Invalid field `IsClubBelow`: The environment does not contain `Function.IsClubBelow`, so it is not possible to project the field `IsClubBelow` from an expression
            C
          of type `Ordinal.{?u.9} → Prop`
          /Users/pablogrossi/Desktop/grossi-ops/g6/Main_v4.lean:237:25: error(lean.invalidField): Invalid field `IsStationaryBelow`: The environment does not contain `Function.IsStationaryBelow`, so it is not possible to project the field `IsStationaryBelow` from an expression
            closurePointsBelow α

  0 ok, 1 failed
[ 151/ 280] /Users/pablogrossi/Desktop/grossi-ops/g6/Main_v5.lean
project:   /Users/pablogrossi/Desktop/geometry  (leanprover/lean4:v4.32.0)
mathlib:   leanprover/lean4:v4.32.0

  FAIL    77s  Main_v5.lean  (59 errors)
          /Users/pablogrossi/Desktop/grossi-ops/g6/Main_v5.lean:35:4: error(lean.unknownIdentifier): Unknown constant `Ordinal.sup`
          /Users/pablogrossi/Desktop/grossi-ops/g6/Main_v5.lean:46:43: error(lean.unknownIdentifier): Unknown constant `Ordinal.IsLimit`
          /Users/pablogrossi/Desktop/grossi-ops/g6/Main_v5.lean:63:4: error(lean.unknownIdentifier): Unknown constant `Ordinal.IsLimit`
          /Users/pablogrossi/Desktop/grossi-ops/g6/Main_v5.lean:65:2: error: No goals to be solved
          /Users/pablogrossi/Desktop/grossi-ops/g6/Main_v5.lean:80:12: error(lean.synthInstanceFailed): failed to synthesize instance of type class
            HAdd Ordinal.{u_1} (Ordinal.{?u.14} ↪o Ordinal.{?u.14}) ?m.10
          
          Hint: Type class instance resolution failures can be inspected with the `set_option trace.Meta.synthInstance true` command.
          /Users/pablogrossi/Desktop/grossi-ops/g6/Main_v5.lean:81:13: error(lean.unknownIdentifier): Unknown constant `Ordinal.lt_add_of_pos_right`
          /Users/pablogrossi/Desktop/grossi-ops/g6/Main_v5.lean:82:13: error(lean.unknownIdentifier): Unknown constant `Ordinal.IsLimit.add_right`
          /Users/pablogrossi/Desktop/grossi-ops/g6/Main_v5.lean:88:24: error(lean.unknownIdentifier): Unknown constant `Ordinal.IsLimit`
          /Users/pablogrossi/Desktop/grossi-ops/g6/Main_v5.lean:89:27: error: Type mismatch
            α.card.ord
          has type
            Ordinal.{?u.7}
          but is expected to have type
            Ordinal.{?u.7} ↪o Ordinal.{?u.7}
          /Users/pablogrossi/Desktop/grossi-ops/g6/Main_v5.lean:91:4: error(lean.unknownIdentifier): Unknown constant `Ordinal.sup`
          /Users/pablogrossi/Desktop/grossi-ops/g6/Main_v5.lean:92:8: error(lean.unknownIdentifier): Unknown constant `Ordinal.sup_lt_ord`
          /Users/pablogrossi/Desktop/grossi-ops/g6/Main_v5.lean:93:2: error: No goals to be solved
          /Users/pablogrossi/Desktop/grossi-ops/g6/Main_v5.lean:109:24: error(lean.unknownIdentifier): Unknown constant `Ordinal.IsLimit`
          /Users/pablogrossi/Desktop/grossi-ops/g6/Main_v5.lean:110:27: error: Type mismatch
            α.card.ord
          has type
            Ordinal.{?u.7}
          but is expected to have type
            Ordinal.{?u.7} ↪o Ordinal.{?u.7}
          /Users/pablogrossi/Desktop/grossi-ops/g6/Main_v5.lean:125:6: error: Application type mismatch: The argument
            (Classical.choose_spec (step (if k = 0 then 0 else sk) ?m.103)).left
          has type
            Classical.choose ⋯ < α
          but is expected to have type
            sk < α
          in the application
            step sk (Classical.choose_spec (step (if k = 0 then 0 else sk) ?m.103)).left
          /Users/pablogrossi/Desktop/grossi-ops/g6/Main_v5.lean:130:22: error: Type mismatch
            (Classical.choose_spec (step 0 hα0)).left
          has type
            Classical.choose ⋯ < α
          but is expected to have type
            sk < α
          /Users/pablogrossi/Desktop/grossi-ops/g6/Main_v5.lean:131:24: error: Type mismatch
            (Classical.choose_spec (step (Classical.choose (step 0 hα0)) (Classical.choose_spec (step 0 hα0)).left)).left
          has type
            Classical.choose ⋯ < α
          but is expected to have type
            sk < α
          /Users/pablogrossi/Desktop/grossi-ops/g6/Main_v5.lean:143:17: error: Type mismatch
            hc₀α
          has type
            c₀ < α
          but is expected to have type
            ck < α
          /Users/pablogrossi/Desktop/grossi-ops/g6/Main_v5.lean:144:10: error: Type mismatch
            (Classical.choose_spec (step ck hm)).left
          has type
            Classical.choose ⋯ < α
          but is expected to have type
            ck < α
          /Users/pablogrossi/Desktop/grossi-ops/g6/Main_v5.lean:145:23: error(lean.unknownIdentifier): Unknown identifier `c`
          /Users/pablogrossi/Desktop/grossi-ops/g6/Main_v5.lean:111:50: error: unsolved goals
          case refine_2
          α : Ordinal.{u_1}
          hα : sorry
          hcf : sorry
          C : Set Ordinal.{u_1}
          hC_closed : IsOmegaClosedBelow C α
          hC_unbounded : IsUnboundedBelow C α
          hα0 : 0 < α
          step : ∀ β < α, ∃ γ < α, γ ∈ C ∧ β < γ

  0 ok, 1 failed
[ 152/ 280] /Users/pablogrossi/Desktop/grossi-ops/g6/lean/dm3_euler_axioms.lean
project:   /Users/pablogrossi/Desktop/geometry  (leanprover/lean4:v4.32.0)
mathlib:   leanprover/lean4:v4.32.0

  FAIL    50s  dm3_euler_axioms.lean  (1 errors)
          /Users/pablogrossi/Desktop/grossi-ops/g6/lean/dm3_euler_axioms.lean:52:4: error(lean.dependsOnNoncomputable): failed to compile definition, consider marking it as 'noncomputable' because it depends on 'Real.instDivInvMonoid', which is 'noncomputable'

  0 ok, 1 failed
[ 153/ 280] /Users/pablogrossi/Desktop/grossi-ops/cajueiro/lean/NuclearPhysicsB/Chain.lean
project:   /Users/pablogrossi/Desktop/geometry  (leanprover/lean4:v4.32.0)
mathlib:   leanprover/lean4:v4.32.0

  FAIL    66s  Chain.lean  (19 errors)
          /Users/pablogrossi/Desktop/grossi-ops/cajueiro/lean/NuclearPhysicsB/Chain.lean:11:14: error: unknown namespace `MeasureTheory`
          /Users/pablogrossi/Desktop/grossi-ops/cajueiro/lean/NuclearPhysicsB/Chain.lean:87:22: warning: Variable name `hξ_bd` is not explicitly referenced.
          
          The binding can be removed (if unused) or named `_` (if used implicitly).
          
          Note: This linter can be disabled with `set_option linter.unusedVariables false`
          /Users/pablogrossi/Desktop/grossi-ops/cajueiro/lean/NuclearPhysicsB/Chain.lean:109:50: error: unexpected token 'variable'; expected 'lemma'
          /Users/pablogrossi/Desktop/grossi-ops/cajueiro/lean/NuclearPhysicsB/Chain.lean:113:47: error: unexpected token 'variable'; expected 'lemma'
          /Users/pablogrossi/Desktop/grossi-ops/cajueiro/lean/NuclearPhysicsB/Chain.lean:114:48: error: Function expected at
            Ioo
          but this term has type
            ?m.12
          
          Note: Expected a function because this term is being applied to the argument
            0
          /Users/pablogrossi/Desktop/grossi-ops/cajueiro/lean/NuclearPhysicsB/Chain.lean:118:71: error: unexpected token 'variable'; expected 'lemma'
          /Users/pablogrossi/Desktop/grossi-ops/cajueiro/lean/NuclearPhysicsB/Chain.lean:143:31: error: Function expected at
            Icc
          but this term has type
            ?m.40
          
          Note: Expected a function because this term is being applied to the argument
            0
          
          Hint: The identifier `Icc` is unknown, and Lean's `autoImplicit` option causes an unknown identifier to be treated as an implicitly bound variable with an unknown type. However, the unknown type cannot be a function, and a function is what Lean expects here. This is often the result of a typo or a missing `import` or `open` statement.
          /Users/pablogrossi/Desktop/grossi-ops/cajueiro/lean/NuclearPhysicsB/Chain.lean:144:21: error: Function expected at
            Ico
          but this term has type
            ?m.41
          
          Note: Expected a function because this term is being applied to the argument
            0
          
          Hint: The identifier `Ico` is unknown, and Lean's `autoImplicit` option causes an unknown identifier to be treated as an implicitly bound variable with an unknown type. However, the unknown type cannot be a function, and a function is what Lean expects here. This is often the result of a typo or a missing `import` or `open` statement.
          /Users/pablogrossi/Desktop/grossi-ops/cajueiro/lean/NuclearPhysicsB/Chain.lean:145:32: error: Function expected at
            Ioi
          but this term has type
            ?m.43
          
          Note: Expected a function because this term is being applied to the argument
            t
          
          Hint: The identifier `Ioi` is unknown, and Lean's `autoImplicit` option causes an unknown identifier to be treated as an implicitly bound variable with an unknown type. However, the unknown type cannot be a function, and a function is what Lean expects here. This is often the result of a typo or a missing `import` or `open` statement.
          /Users/pablogrossi/Desktop/grossi-ops/cajueiro/lean/NuclearPhysicsB/Chain.lean:146:21: error: Function expected at
            Icc
          but this term has type
            ?m.40
          
          Note: Expected a function because this term is being applied to the argument
            0
          
          Hint: The identifier `Icc` is unknown, and Lean's `autoImplicit` option causes an unknown identifier to be treated as an implicitly bound variable with an unknown type. However, the unknown type cannot be a function, and a function is what Lean expects here. This is often the result of a typo or a missing `import` or `open` statement.
          /Users/pablogrossi/Desktop/grossi-ops/cajueiro/lean/NuclearPhysicsB/Chain.lean:147:10: error: Function expected at
            Icc
          but this term has type
            ?m.40
          
          Note: Expected a function because this term is being applied to the argument
            0
          
          Hint: The identifier `Icc` is unknown, and Lean's `autoImplicit` option causes an unknown identifier to be treated as an implicitly bound variable with an unknown type. However, the unknown type cannot be a function, and a function is what Lean expects here. This is often the result of a typo or a missing `import` or `open` statement.
          /Users/pablogrossi/Desktop/grossi-ops/cajueiro/lean/NuclearPhysicsB/Chain.lean:159:21: error: Function expected at
            Ioo
          but this term has type
            x✝
          
          Note: Expected a function because this term is being applied to the argument
            0
          /Users/pablogrossi/Desktop/grossi-ops/cajueiro/lean/NuclearPhysicsB/Chain.lean:167:5: error(lean.unknownIdentifier): Unknown identifier `hξ_ode`
          /Users/pablogrossi/Desktop/grossi-ops/cajueiro/lean/NuclearPhysicsB/Chain.lean:168:31: error(lean.unknownIdentifier): Unknown identifier `hz_maint`

  0 ok, 1 failed
[ 154/ 280] /Users/pablogrossi/Desktop/grossi-ops/cajueiro/lean/NuclearPhysicsB/Conformal.lean
project:   /Users/pablogrossi/Desktop/geometry  (leanprover/lean4:v4.32.0)
mathlib:   leanprover/lean4:v4.32.0

  FAIL     5s  Conformal.lean  (1 errors)
          /Users/pablogrossi/Desktop/grossi-ops/cajueiro/lean/NuclearPhysicsB/Conformal.lean:1:0: error: object file '/Users/pablogrossi/Desktop/geometry/.lake/packages/mathlib/.lake/build/lib/lean/Mathlib/LinearAlgebra/Matrix.olean' of module Mathlib.LinearAlgebra.Matrix does not exist

  0 ok, 1 failed
[ 155/ 280] /Users/pablogrossi/Desktop/grossi-ops/cajueiro/lean/NuclearPhysicsB/FoldEvents.lean
project:   /Users/pablogrossi/Desktop/geometry  (leanprover/lean4:v4.32.0)
mathlib:   leanprover/lean4:v4.32.0

  FAIL     6s  FoldEvents.lean  (1 errors)
          /Users/pablogrossi/Desktop/grossi-ops/cajueiro/lean/NuclearPhysicsB/FoldEvents.lean:1:0: error: unknown module prefix 'NuclearPhysicsB'
          
          No directory 'NuclearPhysicsB' or file 'NuclearPhysicsB.olean' in the search path entries:
          /Users/pablogrossi/Desktop/geometry/.lake/packages/Cli/.lake/build/lib/lean
          /Users/pablogrossi/Desktop/geometry/.lake/packages/batteries/.lake/build/lib/lean
          /Users/pablogrossi/Desktop/geometry/.lake/packages/Qq/.lake/build/lib/lean
          /Users/pablogrossi/Desktop/geometry/.lake/packages/aesop/.lake/build/lib/lean
          /Users/pablogrossi/Desktop/geometry/.lake/packages/proofwidgets/.lake/build/lib/lean
          /Users/pablogrossi/Desktop/geometry/.lake/packages/importGraph/.lake/build/lib/lean
          /Users/pablogrossi/Desktop/geometry/.lake/packages/LeanSearchClient/.lake/build/lib/lean
          /Users/pablogrossi/Desktop/geometry/.lake/packages/plausible/.lake/build/lib/lean
          /Users/pablogrossi/Desktop/geometry/.lake/packages/mathlib/.lake/build/lib/lean
          /Users/pablogrossi/Desktop/geometry/.lake/build/lib/lean
          /Users/pablogrossi/.elan/toolchains/leanprover--lean4---v4.32.0/lib/lean
          /Users/pablogrossi/.elan/toolchains/leanprover--lean4---v4.32.0/lib/lean

  0 ok, 1 failed
[ 156/ 280] /Users/pablogrossi/Desktop/grossi-ops/cajueiro/python/TribonacciDNLS.lean
project:   /Users/pablogrossi/Desktop/geometry  (leanprover/lean4:v4.32.0)
mathlib:   leanprover/lean4:v4.32.0

  FAIL     4s  TribonacciDNLS.lean  (1 errors)
          /Users/pablogrossi/Desktop/grossi-ops/cajueiro/python/TribonacciDNLS.lean:34:0: error: invalid 'import' command, it must be used in the beginning of the file

  0 ok, 1 failed
[ 157/ 280] /Users/pablogrossi/Desktop/grossi-ops/Atratores/DNLS/FoldEvents.lean
project:   /Users/pablogrossi/Desktop/geometry  (leanprover/lean4:v4.32.0)
mathlib:   leanprover/lean4:v4.32.0

  FAIL   116s  FoldEvents.lean  (3 errors)
          /Users/pablogrossi/Desktop/grossi-ops/Atratores/DNLS/FoldEvents.lean:103:41: error: maximum recursion depth has been reached
          use `set_option maxRecDepth <num>` to increase limit
          use `set_option diagnostics true` to get diagnostic information
          /Users/pablogrossi/Desktop/grossi-ops/Atratores/DNLS/FoldEvents.lean:104:41: error: maximum recursion depth has been reached
          use `set_option maxRecDepth <num>` to increase limit
          use `set_option diagnostics true` to get diagnostic information
          /Users/pablogrossi/Desktop/grossi-ops/Atratores/DNLS/FoldEvents.lean:105:40: error: maximum recursion depth has been reached
          use `set_option maxRecDepth <num>` to increase limit
          use `set_option diagnostics true` to get diagnostic information

  0 ok, 1 failed
[ 158/ 280] /Users/pablogrossi/Desktop/grossi-ops/Atratores/DNLS/TribonacciDNLS.lean
project:   /Users/pablogrossi/Desktop/geometry  (leanprover/lean4:v4.32.0)
mathlib:   leanprover/lean4:v4.32.0

  FAIL     7s  TribonacciDNLS.lean  (1 errors)
          /Users/pablogrossi/Desktop/grossi-ops/Atratores/DNLS/TribonacciDNLS.lean:35:0: error: invalid 'import' command, it must be used in the beginning of the file

  0 ok, 1 failed
[ 159/ 280] /Users/pablogrossi/Desktop/grossi-ops/Atratores/GTCT/CatGT_Main.lean
project:   /Users/pablogrossi/Desktop/geometry  (leanprover/lean4:v4.32.0)
mathlib:   leanprover/lean4:v4.32.0

  FAIL     8s  CatGT_Main.lean  (1 errors)
          /Users/pablogrossi/Desktop/grossi-ops/Atratores/GTCT/CatGT_Main.lean:34:0: error: object file '/Users/pablogrossi/Desktop/geometry/.lake/packages/mathlib/.lake/build/lib/lean/Mathlib/Algebra/BigOperators/Basic.olean' of module Mathlib.Algebra.BigOperators.Basic does not exist

  0 ok, 1 failed
[ 160/ 280] /Users/pablogrossi/Desktop/grossi-ops/Atratores/GTCT/Chain.lean
project:   /Users/pablogrossi/Desktop/geometry  (leanprover/lean4:v4.32.0)
mathlib:   leanprover/lean4:v4.32.0

  FAIL    73s  Chain.lean  (19 errors)
          /Users/pablogrossi/Desktop/grossi-ops/Atratores/GTCT/Chain.lean:11:14: error: unknown namespace `MeasureTheory`
          /Users/pablogrossi/Desktop/grossi-ops/Atratores/GTCT/Chain.lean:87:22: warning: Variable name `hξ_bd` is not explicitly referenced.
          
          The binding can be removed (if unused) or named `_` (if used implicitly).
          
          Note: This linter can be disabled with `set_option linter.unusedVariables false`
          /Users/pablogrossi/Desktop/grossi-ops/Atratores/GTCT/Chain.lean:109:50: error: unexpected token 'variable'; expected 'lemma'
          /Users/pablogrossi/Desktop/grossi-ops/Atratores/GTCT/Chain.lean:113:47: error: unexpected token 'variable'; expected 'lemma'
          /Users/pablogrossi/Desktop/grossi-ops/Atratores/GTCT/Chain.lean:114:48: error: Function expected at
            Ioo
          but this term has type
            ?m.12
          
          Note: Expected a function because this term is being applied to the argument
            0
          /Users/pablogrossi/Desktop/grossi-ops/Atratores/GTCT/Chain.lean:118:71: error: unexpected token 'variable'; expected 'lemma'
          /Users/pablogrossi/Desktop/grossi-ops/Atratores/GTCT/Chain.lean:143:31: error: Function expected at
            Icc
          but this term has type
            ?m.40
          
          Note: Expected a function because this term is being applied to the argument
            0
          
          Hint: The identifier `Icc` is unknown, and Lean's `autoImplicit` option causes an unknown identifier to be treated as an implicitly bound variable with an unknown type. However, the unknown type cannot be a function, and a function is what Lean expects here. This is often the result of a typo or a missing `import` or `open` statement.
          /Users/pablogrossi/Desktop/grossi-ops/Atratores/GTCT/Chain.lean:144:21: error: Function expected at
            Ico
          but this term has type
            ?m.41
          
          Note: Expected a function because this term is being applied to the argument
            0
          
          Hint: The identifier `Ico` is unknown, and Lean's `autoImplicit` option causes an unknown identifier to be treated as an implicitly bound variable with an unknown type. However, the unknown type cannot be a function, and a function is what Lean expects here. This is often the result of a typo or a missing `import` or `open` statement.
          /Users/pablogrossi/Desktop/grossi-ops/Atratores/GTCT/Chain.lean:145:32: error: Function expected at
            Ioi
          but this term has type
            ?m.43
          
          Note: Expected a function because this term is being applied to the argument
            t
          
          Hint: The identifier `Ioi` is unknown, and Lean's `autoImplicit` option causes an unknown identifier to be treated as an implicitly bound variable with an unknown type. However, the unknown type cannot be a function, and a function is what Lean expects here. This is often the result of a typo or a missing `import` or `open` statement.
          /Users/pablogrossi/Desktop/grossi-ops/Atratores/GTCT/Chain.lean:146:21: error: Function expected at
            Icc
          but this term has type
            ?m.40
          
          Note: Expected a function because this term is being applied to the argument
            0
          
          Hint: The identifier `Icc` is unknown, and Lean's `autoImplicit` option causes an unknown identifier to be treated as an implicitly bound variable with an unknown type. However, the unknown type cannot be a function, and a function is what Lean expects here. This is often the result of a typo or a missing `import` or `open` statement.
          /Users/pablogrossi/Desktop/grossi-ops/Atratores/GTCT/Chain.lean:147:10: error: Function expected at
            Icc
          but this term has type
            ?m.40
          
          Note: Expected a function because this term is being applied to the argument
            0
          
          Hint: The identifier `Icc` is unknown, and Lean's `autoImplicit` option causes an unknown identifier to be treated as an implicitly bound variable with an unknown type. However, the unknown type cannot be a function, and a function is what Lean expects here. This is often the result of a typo or a missing `import` or `open` statement.
          /Users/pablogrossi/Desktop/grossi-ops/Atratores/GTCT/Chain.lean:159:21: error: Function expected at
            Ioo
          but this term has type
            x✝
          
          Note: Expected a function because this term is being applied to the argument
            0
          /Users/pablogrossi/Desktop/grossi-ops/Atratores/GTCT/Chain.lean:167:5: error(lean.unknownIdentifier): Unknown identifier `hξ_ode`
          /Users/pablogrossi/Desktop/grossi-ops/Atratores/GTCT/Chain.lean:168:31: error(lean.unknownIdentifier): Unknown identifier `hz_maint`

  0 ok, 1 failed
[ 161/ 280] /Users/pablogrossi/Desktop/grossi-ops/Atratores/GTCT/Conformal.lean
project:   /Users/pablogrossi/Desktop/geometry  (leanprover/lean4:v4.32.0)
mathlib:   leanprover/lean4:v4.32.0

  FAIL     9s  Conformal.lean  (1 errors)
          /Users/pablogrossi/Desktop/grossi-ops/Atratores/GTCT/Conformal.lean:1:0: error: object file '/Users/pablogrossi/Desktop/geometry/.lake/packages/mathlib/.lake/build/lib/lean/Mathlib/LinearAlgebra/Matrix.olean' of module Mathlib.LinearAlgebra.Matrix does not exist

  0 ok, 1 failed
[ 162/ 280] /Users/pablogrossi/Desktop/grossi-ops/Atratores/GTCT/DustyPlasma.lean
project:   /Users/pablogrossi/Desktop/geometry  (leanprover/lean4:v4.32.0)
mathlib:   leanprover/lean4:v4.32.0

  FAIL   102s  DustyPlasma.lean  (6 errors)
          /Users/pablogrossi/Desktop/grossi-ops/Atratores/GTCT/DustyPlasma.lean:117:23: error: Application type mismatch: The argument
            hS
          has type
            lundquist s₁ ≤ lundquist s₂
          but is expected to have type
            lundquist s₁ ≤ 1
          in the application
            rpow_le_rpow_of_exponent_ge (lundquist_pos s₁) hS
          /Users/pablogrossi/Desktop/grossi-ops/Atratores/GTCT/DustyPlasma.lean:116:2: error: Tactic `apply` failed: could not unify the conclusion of `rpow_le_rpow_of_exponent_ge (lundquist_pos s₁) sorry`
            lundquist s₁ ^ ?m.8 ≤ lundquist s₁ ^ ?m.9
          with the goal
            lundquist s₂ ^ (-(1 / 2)) ≤ lundquist s₁ ^ (-(1 / 2))
          
          Note: The full type of `rpow_le_rpow_of_exponent_ge (lundquist_pos s₁) sorry` is
            ?m.9 ≤ ?m.8 → lundquist s₁ ^ ?m.8 ≤ lundquist s₁ ^ ?m.9
          
          s₁ s₂ : MHDSheet
          hS : lundquist s₁ ≤ lundquist s₂
          ⊢ lundquist s₂ ^ (-(1 / 2)) ≤ lundquist s₁ ^ (-(1 / 2))
          /Users/pablogrossi/Desktop/grossi-ops/Atratores/GTCT/DustyPlasma.lean:193:23: error: Application type mismatch: The argument
            hS
          has type
            lundquist s₁ ≤ lundquist s₂
          but is expected to have type
            lundquist s₁ ≤ 1
          in the application
            rpow_le_rpow_of_exponent_ge (lundquist_pos s₁) hS
          /Users/pablogrossi/Desktop/grossi-ops/Atratores/GTCT/DustyPlasma.lean:192:2: error: Tactic `apply` failed: could not unify the conclusion of `rpow_le_rpow_of_exponent_ge (lundquist_pos s₁) sorry`
            lundquist s₁ ^ ?m.23 ≤ lundquist s₁ ^ ?m.24
          with the goal
            lundquist s₂ ^ (-(1 / 2)) ≤ lundquist s₁ ^ (-(1 / 2))
          
          Note: The full type of `rpow_le_rpow_of_exponent_ge (lundquist_pos s₁) sorry` is
            ?m.24 ≤ ?m.23 → lundquist s₁ ^ ?m.23 ≤ lundquist s₁ ^ ?m.24
          
          s₁ s₂ : MHDSheet
          hL : s₁.L = s₂.L
          hS : lundquist s₁ ≤ lundquist s₂
          ⊢ lundquist s₂ ^ (-(1 / 2)) ≤ lundquist s₁ ^ (-(1 / 2))
          /Users/pablogrossi/Desktop/grossi-ops/Atratores/GTCT/DustyPlasma.lean:289:6: error: unexpected token 'λ'; expected ')'
          /Users/pablogrossi/Desktop/grossi-ops/Atratores/GTCT/DustyPlasma.lean:309:20: warning: Variable name `h` is not explicitly referenced.
          
          The binding can be removed (if unused) or named `_` (if used implicitly).
          
          Note: This linter can be disabled with `set_option linter.unusedVariables false`
          lundquist_pos : ∀ (s : MHDSheet), 0 < lundquist s
          sweetparker_rate_pos : ∀ (s : MHDSheet), 0 < sweetParkerRate s
          sweetparker_rate_antitone : ∀ (s₁ s₂ : MHDSheet), lundquist s₁ ≤ lundquist s₂ → sweetParkerRate s₂ ≤ sweetParkerRate s₁
          plasmoid_threshold_pos : 0 < Sc
          plasma_r_star_pos : ∀ (s : MHDSheet), 0 < plasmaAttractorRadius s
          plasma_r_star_antitone : ∀ (s₁ s₂ : MHDSheet),
            s₁.L = s₂.L → lundquist s₁ ≤ lundquist s₂ → plasmaAttractorRadius s₂ ≤ plasmaAttractorRadius s₁
          /Users/pablogrossi/Desktop/grossi-ops/Atratores/GTCT/DustyPlasma.lean:359:8: error(lean.unknownIdentifier): Unknown identifier `coherence_bridge_identity`
          reconnection_rate_bounded : 0 < fastReconnectionRate ∧ fastReconnectionRate ≤ 1

  0 ok, 1 failed
[ 163/ 280] /Users/pablogrossi/Desktop/grossi-ops/Atratores/GTCT/GTCT_BSD_Bridge.lean
project:   /Users/pablogrossi/Desktop/geometry  (leanprover/lean4:v4.32.0)
mathlib:   leanprover/lean4:v4.32.0

  FAIL     7s  GTCT_BSD_Bridge.lean  (1 errors)
          /Users/pablogrossi/Desktop/grossi-ops/Atratores/GTCT/GTCT_BSD_Bridge.lean:27:0: error: object file '/Users/pablogrossi/Desktop/geometry/.lake/packages/mathlib/.lake/build/lib/lean/Mathlib/NumberTheory/Padics/PadicVal.olean' of module Mathlib.NumberTheory.Padics.PadicVal does not exist

  0 ok, 1 failed
[ 164/ 280] /Users/pablogrossi/Documents/Claude/Projects/io-clone/zeolite_operator_order/ZeoliteCommutation.lean
project:   /Users/pablogrossi/Desktop/geometry  (leanprover/lean4:v4.32.0)
mathlib:   leanprover/lean4:v4.32.0

  OK     385s  ZeoliteCommutation.lean
        audit: 6 declarations, all within the permitted three
        report: tools/verify-audit/2026-09-09/ZeoliteCommutation.axioms.txt

  1 ok, 0 failed
[ 165/ 280] /Users/pablogrossi/Desktop/AXLE/CatGT/CatGT_Main.lean
project:   /Users/pablogrossi/Desktop/geometry  (leanprover/lean4:v4.32.0)
mathlib:   leanprover/lean4:v4.32.0

  OK     103s  CatGT_Main.lean
        audit: 9 declarations, all within the permitted three
        report: tools/verify-audit/2026-09-09/CatGT_Main.axioms.txt

  1 ok, 0 failed
[ 166/ 280] /Users/pablogrossi/Desktop/AXLE/CatGT/Finite.lean
project:   /Users/pablogrossi/Desktop/geometry  (leanprover/lean4:v4.32.0)
mathlib:   leanprover/lean4:v4.32.0

  FAIL     6s  Finite.lean  (1 errors)
          /Users/pablogrossi/Desktop/AXLE/CatGT/Finite.lean:4:0: error: object file '/Users/pablogrossi/Desktop/geometry/.lake/packages/mathlib/.lake/build/lib/lean/Mathlib/MeasureTheory/Measure/Lebesgue.olean' of module Mathlib.MeasureTheory.Measure.Lebesgue does not exist

  0 ok, 1 failed
[ 167/ 280] /Users/pablogrossi/Desktop/AXLE/CatGT/Main (1).lean
project:   /Users/pablogrossi/Desktop/geometry  (leanprover/lean4:v4.32.0)
mathlib:   leanprover/lean4:v4.32.0

  FAIL     1s  Main  (1 errors)
          no such file or directory (error code: 4294967294)
            file: /Users/pablogrossi/Desktop/AXLE/CatGT/Main
  FAIL     3s  (1).lean  (1 errors)
          no such file or directory (error code: 4294967294)
            file: (1).lean

  0 ok, 2 failed
[ 168/ 280] /Users/pablogrossi/Desktop/AXLE/CatGT/Main_v2.lean
project:   /Users/pablogrossi/Desktop/geometry  (leanprover/lean4:v4.32.0)
mathlib:   leanprover/lean4:v4.32.0

  FAIL    53s  Main_v2.lean  (7 errors)
          /Users/pablogrossi/Desktop/AXLE/CatGT/Main_v2.lean:27:12: error: Application type mismatch: The argument
            M.metric
          has type
            MetricSpace M.carrier
          but is expected to have type
            Dist ?m.1
          in the application
            @dist ?m.1 M.metric
          /Users/pablogrossi/Desktop/AXLE/CatGT/Main_v2.lean:27:47: error: Application type mismatch: The argument
            M.metric
          has type
            MetricSpace M.carrier
          but is expected to have type
            Dist ?m.2
          in the application
            @dist ?m.2 M.metric
          /Users/pablogrossi/Desktop/AXLE/CatGT/Main_v2.lean:60:17: error(lean.unknownIdentifier): Unknown constant `Real.pi`
          /Users/pablogrossi/Desktop/AXLE/CatGT/Main_v2.lean:66:4: error(lean.dependsOnNoncomputable): failed to compile definition, consider marking it as 'noncomputable' because it depends on 'Real.instDivInvMonoid', which is 'noncomputable'
          /Users/pablogrossi/Desktop/AXLE/CatGT/Main_v2.lean:72:8: warning: declaration uses `sorry`
          /Users/pablogrossi/Desktop/AXLE/CatGT/Main_v2.lean:79:54: error: maximum recursion depth has been reached
          use `set_option maxRecDepth <num>` to increase limit
          use `set_option diagnostics true` to get diagnostic information
          /Users/pablogrossi/Desktop/AXLE/CatGT/Main_v2.lean:114:20: error: No goals to be solved
          /Users/pablogrossi/Desktop/AXLE/CatGT/Main_v2.lean:121:21: error: Application type mismatch: The argument
            Nat.le_add_right ?m.17 ?m.18
          has type
            ?m.17 ≤ ?m.17 + ?m.18
          but is expected to have type
            (nextLevel r).layer_count ≥ r.layer_count
          in the application
            ⟨rfl, Nat.le_add_right ?m.17 ?m.18⟩

  0 ok, 1 failed
[ 169/ 280] /Users/pablogrossi/Desktop/AXLE/CatGT/lakefile.lean
project:   /Users/pablogrossi/Desktop/geometry  (leanprover/lean4:v4.32.0)
mathlib:   leanprover/lean4:v4.32.0

  FAIL     5s  lakefile.lean  (3 errors)
          /Users/pablogrossi/Desktop/AXLE/CatGT/lakefile.lean:4:0: error: elaboration function for `Lake.DSL.packageCommand` has not been implemented
          /Users/pablogrossi/Desktop/AXLE/CatGT/lakefile.lean:6:0: error: elaboration function for `Lake.DSL.requireDecl` has not been implemented
          /Users/pablogrossi/Desktop/AXLE/CatGT/lakefile.lean:9:0: error: elaboration function for `Lake.DSL.leanLibCommand` has not been implemented

  0 ok, 1 failed
[ 170/ 280] /Users/pablogrossi/Desktop/AXLE/CatGT/tubulinselectArchitecture.lean
project:   /Users/pablogrossi/Desktop/geometry  (leanprover/lean4:v4.32.0)
mathlib:   leanprover/lean4:v4.32.0

  FAIL    41s  tubulinselectArchitecture.lean  (5 errors)
          /Users/pablogrossi/Desktop/AXLE/CatGT/tubulinselectArchitecture.lean:53:41: error(lean.synthInstanceFailed): failed to synthesize instance of type class
            HasEquiv ℝ
          
          Hint: Type class instance resolution failures can be inspected with the `set_option trace.Meta.synthInstance true` command.
          /Users/pablogrossi/Desktop/AXLE/CatGT/tubulinselectArchitecture.lean:68:4: error(lean.dependsOnNoncomputable): failed to compile definition, consider marking it as 'noncomputable' because it depends on 'Real.decidableLT', which is 'noncomputable'
          /Users/pablogrossi/Desktop/AXLE/CatGT/tubulinselectArchitecture.lean:94:16: error: Type mismatch
            selectArchitecture cfg
          has type
            Architecture
          but is expected to have type
            Architecture✝
          the following variables have been introduced by the implicit lambda feature
            Architecture✝ : Type
          you can disable implicit lambdas using `@` or writing a lambda expression with `{}` or `[]` binder annotations.
          /Users/pablogrossi/Desktop/AXLE/CatGT/tubulinselectArchitecture.lean:98:2: error(lean.unknownIdentifier): Unknown identifier `Unfold`
          /Users/pablogrossi/Desktop/AXLE/CatGT/tubulinselectArchitecture.lean:118:0: error: unterminated comment

  0 ok, 1 failed
[ 171/ 280] /Users/pablogrossi/Desktop/AXLE/Dm3GoldbachToy.lean
project:   /Users/pablogrossi/Desktop/geometry  (leanprover/lean4:v4.32.0)
mathlib:   leanprover/lean4:v4.32.0

  OK     127s  Dm3GoldbachToy.lean
        audit: 7 declarations, all within the permitted three
        report: tools/verify-audit/2026-09-09/Dm3GoldbachToy.axioms.txt

  1 ok, 0 failed
[ 172/ 280] /Users/pablogrossi/Desktop/AXLE/Dm3NSToy.lean
project:   /Users/pablogrossi/Desktop/geometry  (leanprover/lean4:v4.32.0)
mathlib:   leanprover/lean4:v4.32.0

  OK      99s  Dm3NSToy.lean
        audit: 8 declarations, all within the permitted three
        report: tools/verify-audit/2026-09-09/Dm3NSToy.axioms.txt

  1 ok, 0 failed
[ 173/ 280] /Users/pablogrossi/Desktop/AXLE/Dm3RHToy.lean
project:   /Users/pablogrossi/Desktop/geometry  (leanprover/lean4:v4.32.0)
mathlib:   leanprover/lean4:v4.32.0

  OK     178s  Dm3RHToy.lean
        audit: 11 declarations, all within the permitted three
        report: tools/verify-audit/2026-09-09/Dm3RHToy.axioms.txt

  1 ok, 0 failed
[ 174/ 280] /Users/pablogrossi/Desktop/AXLE/EMMEs/PolarVortex.lean
project:   /Users/pablogrossi/Desktop/geometry  (leanprover/lean4:v4.32.0)
mathlib:   leanprover/lean4:v4.32.0

  FAIL   125s  PolarVortex.lean  (7 errors)
          /Users/pablogrossi/Desktop/AXLE/EMMEs/PolarVortex.lean:92:4: error(lean.dependsOnNoncomputable): failed to compile definition, consider marking it as 'noncomputable' because it depends on 'instDivInvMonoid', which is 'noncomputable'
          /Users/pablogrossi/Desktop/AXLE/EMMEs/PolarVortex.lean:169:5: warning: Variable name `h_v` is not explicitly referenced.
          
          The binding can be removed (if unused) or named `_` (if used implicitly).
          
          Note: This linter can be disabled with `set_option linter.unusedVariables false`
          /Users/pablogrossi/Desktop/AXLE/EMMEs/PolarVortex.lean:245:25: error(lean.unknownIdentifier): Unknown constant `Real.log`
          /Users/pablogrossi/Desktop/AXLE/EMMEs/PolarVortex.lean:247:10: error(lean.unknownIdentifier): Unknown constant `Real.log_neg`
          /Users/pablogrossi/Desktop/AXLE/EMMEs/PolarVortex.lean:248:4: error: No goals to be solved
          /Users/pablogrossi/Desktop/AXLE/EMMEs/PolarVortex.lean:255:4: error(lean.unknownIdentifier): Unknown constant `Real.log`
          /Users/pablogrossi/Desktop/AXLE/EMMEs/PolarVortex.lean:256:8: error(lean.unknownIdentifier): Unknown constant `Real.log_neg`
          /Users/pablogrossi/Desktop/AXLE/EMMEs/PolarVortex.lean:257:2: error: No goals to be solved

  0 ok, 1 failed
[ 175/ 280] /Users/pablogrossi/Desktop/AXLE/EMMEs/SaturnRing.lean
project:   /Users/pablogrossi/Desktop/geometry  (leanprover/lean4:v4.32.0)
mathlib:   leanprover/lean4:v4.32.0

  FAIL   171s  SaturnRing.lean  (7 errors)
          /Users/pablogrossi/Desktop/AXLE/EMMEs/SaturnRing.lean:83:18: error: linarith failed to find a contradiction
          case h1
          ring_particles mimas : KeplerOrbit
          h : 2 * ring_particles.mean_motion = 1 * mimas.mean_motion
          a✝ : ↑2 * ring_particles.mean_motion < ↑1 * mimas.mean_motion
          ⊢ False
          failed
          /Users/pablogrossi/Desktop/AXLE/EMMEs/SaturnRing.lean:114:2: error: `simp` made no progress
          /Users/pablogrossi/Desktop/AXLE/EMMEs/SaturnRing.lean:125:2: error: `simp` made no progress
          /Users/pablogrossi/Desktop/AXLE/EMMEs/SaturnRing.lean:171:0: warning: Definition `g6_factorisation` is a proposition; use `theorem` instead of `def`
          
          Note: This linter can be disabled with `set_option linter.defProp false`
          /Users/pablogrossi/Desktop/AXLE/EMMEs/SaturnRing.lean:188:2: error: No goals to be solved
          /Users/pablogrossi/Desktop/AXLE/EMMEs/SaturnRing.lean:235:20: error: type expected, got
            (stability_condition : tau * eps_0 < 1)
          /Users/pablogrossi/Desktop/AXLE/EMMEs/SaturnRing.lean:254:25: error: invalid {...} notation, expected type is not of the form (C ...)
            SaturnDM3Certificate
          /Users/pablogrossi/Desktop/AXLE/EMMEs/SaturnRing.lean:276:5: warning: Variable name `h_res` is not explicitly referenced.
          
          The binding can be removed (if unused) or named `_` (if used implicitly).
          
          Note: This linter can be disabled with `set_option linter.unusedVariables false`
          /Users/pablogrossi/Desktop/AXLE/EMMEs/SaturnRing.lean:285:5: warning: Variable name `ring` is not explicitly referenced.
          
          The binding can be removed (if unused) or named `_` (if used implicitly).
          
          Note: This linter can be disabled with `set_option linter.unusedVariables false`
          /Users/pablogrossi/Desktop/AXLE/EMMEs/SaturnRing.lean:289:67: error: unexpected identifier; expected 'lemma'
          /Users/pablogrossi/Desktop/AXLE/EMMEs/SaturnRing.lean:296:5: warning: Variable name `d` is not explicitly referenced.
          
          The binding can be removed (if unused) or named `_` (if used implicitly).
          
          Note: This linter can be disabled with `set_option linter.unusedVariables false`
          /Users/pablogrossi/Desktop/AXLE/EMMEs/SaturnRing.lean:298:5: warning: Variable name `h` is not explicitly referenced.
          
          The binding can be removed (if unused) or named `_` (if used implicitly).
          
          Note: This linter can be disabled with `set_option linter.unusedVariables false`

  0 ok, 1 failed
[ 176/ 280] /Users/pablogrossi/Desktop/AXLE/Economics/ForcedUrgency.lean
project:   /Users/pablogrossi/Desktop/geometry  (leanprover/lean4:v4.32.0)
mathlib:   leanprover/lean4:v4.32.0

  OK     226s  ForcedUrgency.lean
        audit: 12 declarations, all within the permitted three
        report: tools/verify-audit/2026-09-09/ForcedUrgency.axioms.txt

  1 ok, 0 failed
[ 177/ 280] /Users/pablogrossi/Desktop/AXLE/Examples.lean
project:   /Users/pablogrossi/Desktop/geometry  (leanprover/lean4:v4.32.0)
mathlib:   leanprover/lean4:v4.32.0

  FAIL    17s  Examples.lean  (1 errors)
          /Users/pablogrossi/Desktop/AXLE/Examples.lean:1:0: error: unknown module prefix 'dm3-dual-cavity'
          
          No directory 'dm3-dual-cavity' or file 'dm3-dual-cavity.olean' in the search path entries:
          /Users/pablogrossi/Desktop/geometry/.lake/packages/Cli/.lake/build/lib/lean
          /Users/pablogrossi/Desktop/geometry/.lake/packages/batteries/.lake/build/lib/lean
          /Users/pablogrossi/Desktop/geometry/.lake/packages/Qq/.lake/build/lib/lean
          /Users/pablogrossi/Desktop/geometry/.lake/packages/aesop/.lake/build/lib/lean
          /Users/pablogrossi/Desktop/geometry/.lake/packages/proofwidgets/.lake/build/lib/lean
          /Users/pablogrossi/Desktop/geometry/.lake/packages/importGraph/.lake/build/lib/lean
          /Users/pablogrossi/Desktop/geometry/.lake/packages/LeanSearchClient/.lake/build/lib/lean
          /Users/pablogrossi/Desktop/geometry/.lake/packages/plausible/.lake/build/lib/lean
          /Users/pablogrossi/Desktop/geometry/.lake/packages/mathlib/.lake/build/lib/lean
          /Users/pablogrossi/Desktop/geometry/.lake/build/lib/lean
          /Users/pablogrossi/.elan/toolchains/leanprover--lean4---v4.32.0/lib/lean
          /Users/pablogrossi/.elan/toolchains/leanprover--lean4---v4.32.0/lib/lean

  0 ok, 1 failed
[ 178/ 280] /Users/pablogrossi/Desktop/AXLE/Monotonicity.lean
project:   /Users/pablogrossi/Desktop/geometry  (leanprover/lean4:v4.32.0)
mathlib:   leanprover/lean4:v4.32.0

  FAIL   188s  Monotonicity.lean  (21 errors)
          /Users/pablogrossi/Desktop/AXLE/Monotonicity.lean:20:4: error(lean.dependsOnNoncomputable): failed to compile definition, consider marking it as 'noncomputable' because it depends on 'Real.instDivInvMonoid', which is 'noncomputable'
          /Users/pablogrossi/Desktop/AXLE/Monotonicity.lean:23:3: error: unexpected token 'λ'; expected identifier
          /Users/pablogrossi/Desktop/AXLE/Monotonicity.lean:24:25: error: expected token
          /Users/pablogrossi/Desktop/AXLE/Monotonicity.lean:29:3: error: unexpected token 'λ'; expected identifier
          /Users/pablogrossi/Desktop/AXLE/Monotonicity.lean:58:4: error(lean.unknownIdentifier): Unknown identifier `pow_le_pow_left`
          /Users/pablogrossi/Desktop/AXLE/Monotonicity.lean:60:6: error(lean.unknownIdentifier): Unknown identifier `div_le_div_iff`
          /Users/pablogrossi/Desktop/AXLE/Monotonicity.lean:52:71: error: unsolved goals
          n : ℕ
          L0 γ : ℝ
          hL0 : 0 < L0
          hγ : 0 < γ
          κ₁ κ₂ : ℝ
          hκ₁ : 0 ≤ κ₁
          hle : κ₁ ≤ κ₂
          hκ₂ : 0 ≤ κ₂
          h1 : 0 < Lκ L0 γ κ₁
          h2 : 0 < Lκ L0 γ κ₂
          hmono : Lκ L0 γ κ₁ ≤ Lκ L0 γ κ₂
          h3 : Lκ L0 γ κ₁ ^ 2 ≤ Lκ L0 γ κ₂ ^ 2
          ⊢ ↑n ^ 2 / Lκ L0 γ κ₂ ^ 2 ≤ ↑n ^ 2 / Lκ L0 γ κ₁ ^ 2
          /Users/pablogrossi/Desktop/AXLE/Monotonicity.lean:73:39: error: Application type mismatch: The argument
            le_of_lt hγ
          has type
            0 ≤ γ
          but is expected to have type
            0 < ?m.114
          in the application
            mul_lt_mul_of_pos_left hlt (le_of_lt hγ)
          /Users/pablogrossi/Desktop/AXLE/Monotonicity.lean:76:4: error(lean.unknownIdentifier): Unknown identifier `pow_lt_pow_left`
          /Users/pablogrossi/Desktop/AXLE/Monotonicity.lean:79:6: error(lean.unknownIdentifier): Unknown identifier `div_lt_div_iff`
          /Users/pablogrossi/Desktop/AXLE/Monotonicity.lean:66:71: error: unsolved goals
          n : ℕ
          hn : n ≠ 0
          L0 γ : ℝ
          hL0 : 0 < L0
          hγ : 0 < γ
          κ₁ κ₂ : ℝ
          hκ₁ : 0 ≤ κ₁
          hlt : κ₁ < κ₂
          hκ₂ : 0 ≤ κ₂
          h1 : 0 < Lκ L0 γ κ₁
          h2 : 0 < Lκ L0 γ κ₂
          hmono : Lκ L0 γ κ₁ < Lκ L0 γ κ₂
          h3 : Lκ L0 γ κ₁ ^ 2 < Lκ L0 γ κ₂ ^ 2
          hn2 : 0 < ↑n ^ 2
          --
          /Users/pablogrossi/Desktop/AXLE/Monotonicity.lean:86:5: error: unexpected token 'λ'; expected identifier
          /Users/pablogrossi/Desktop/AXLE/Monotonicity.lean:100:5: error: unexpected token 'λ'; expected identifier
          /Users/pablogrossi/Desktop/AXLE/Monotonicity.lean:132:4: error(lean.dependsOnNoncomputable): failed to compile definition, consider marking it as 'noncomputable' because it depends on 'Real.instDivInvMonoid', which is 'noncomputable'
          /Users/pablogrossi/Desktop/AXLE/Monotonicity.lean:145:6: error(lean.unknownIdentifier): Unknown identifier `div_le_div_iff`
          /Users/pablogrossi/Desktop/AXLE/Monotonicity.lean:140:49: error: unsolved goals
          n : ℕ
          a c : ℝ
          ha : 0 < a
          hc : 0 < c
          h₁ h₂ : ℝ
          hh₁ : 0 ≤ h₁
          hle : h₁ ≤ h₂
          hd1 : 0 < a + h₁
          hd2 : 0 < a + h₂
          ⊢ a / (a + h₂) ≤ a / (a + h₁)
          /Users/pablogrossi/Desktop/AXLE/Monotonicity.lean:149:4: error(lean.dependsOnNoncomputable): failed to compile definition, consider marking it as 'noncomputable' because it depends on 'f_schumann', which is 'noncomputable'
          /Users/pablogrossi/Desktop/AXLE/Monotonicity.lean:161:33: error: Application type mismatch: The argument
            ha
          has type
            0 < a
          of sort `Prop` but is expected to have type
            ℕ
          of sort `Type` in the application
            f_schumann_antitone_in_h ha

  0 ok, 1 failed
[ 179/ 280] /Users/pablogrossi/Desktop/AXLE/MultiChamber.lean
project:   /Users/pablogrossi/Desktop/geometry  (leanprover/lean4:v4.32.0)
mathlib:   leanprover/lean4:v4.32.0

  FAIL    12s  MultiChamber.lean  (1 errors)
          /Users/pablogrossi/Desktop/AXLE/MultiChamber.lean:1:0: error: unknown module prefix 'dm3-dual-cavity'
          
          No directory 'dm3-dual-cavity' or file 'dm3-dual-cavity.olean' in the search path entries:
          /Users/pablogrossi/Desktop/geometry/.lake/packages/Cli/.lake/build/lib/lean
          /Users/pablogrossi/Desktop/geometry/.lake/packages/batteries/.lake/build/lib/lean
          /Users/pablogrossi/Desktop/geometry/.lake/packages/Qq/.lake/build/lib/lean
          /Users/pablogrossi/Desktop/geometry/.lake/packages/aesop/.lake/build/lib/lean
          /Users/pablogrossi/Desktop/geometry/.lake/packages/proofwidgets/.lake/build/lib/lean
          /Users/pablogrossi/Desktop/geometry/.lake/packages/importGraph/.lake/build/lib/lean
          /Users/pablogrossi/Desktop/geometry/.lake/packages/LeanSearchClient/.lake/build/lib/lean
          /Users/pablogrossi/Desktop/geometry/.lake/packages/plausible/.lake/build/lib/lean
          /Users/pablogrossi/Desktop/geometry/.lake/packages/mathlib/.lake/build/lib/lean
          /Users/pablogrossi/Desktop/geometry/.lake/build/lib/lean
          /Users/pablogrossi/.elan/toolchains/leanprover--lean4---v4.32.0/lib/lean
          /Users/pablogrossi/.elan/toolchains/leanprover--lean4---v4.32.0/lib/lean

  0 ok, 1 failed
[ 180/ 280] /Users/pablogrossi/Desktop/AXLE/NASA/MoonBase/AXLE_lean_files/Chain_updated.lean
project:   /Users/pablogrossi/Desktop/geometry  (leanprover/lean4:v4.32.0)
mathlib:   leanprover/lean4:v4.32.0

  FAIL    11s  Chain_updated.lean  (1 errors)
          /Users/pablogrossi/Desktop/AXLE/NASA/MoonBase/AXLE_lean_files/Chain_updated.lean:18:0: error: unknown module prefix 'GCTC'
          
          No directory 'GCTC' or file 'GCTC.olean' in the search path entries:
          /Users/pablogrossi/Desktop/geometry/.lake/packages/Cli/.lake/build/lib/lean
          /Users/pablogrossi/Desktop/geometry/.lake/packages/batteries/.lake/build/lib/lean
          /Users/pablogrossi/Desktop/geometry/.lake/packages/Qq/.lake/build/lib/lean
          /Users/pablogrossi/Desktop/geometry/.lake/packages/aesop/.lake/build/lib/lean
          /Users/pablogrossi/Desktop/geometry/.lake/packages/proofwidgets/.lake/build/lib/lean
          /Users/pablogrossi/Desktop/geometry/.lake/packages/importGraph/.lake/build/lib/lean
          /Users/pablogrossi/Desktop/geometry/.lake/packages/LeanSearchClient/.lake/build/lib/lean
          /Users/pablogrossi/Desktop/geometry/.lake/packages/plausible/.lake/build/lib/lean
          /Users/pablogrossi/Desktop/geometry/.lake/packages/mathlib/.lake/build/lib/lean
          /Users/pablogrossi/Desktop/geometry/.lake/build/lib/lean
          /Users/pablogrossi/.elan/toolchains/leanprover--lean4---v4.32.0/lib/lean
          /Users/pablogrossi/.elan/toolchains/leanprover--lean4---v4.32.0/lib/lean

  0 ok, 1 failed
[ 181/ 280] /Users/pablogrossi/Desktop/AXLE/NASA/MoonBase/AXLE_lean_files/G6Crystal.lean
project:   /Users/pablogrossi/Desktop/geometry  (leanprover/lean4:v4.32.0)
mathlib:   leanprover/lean4:v4.32.0

  FAIL     7s  G6Crystal.lean  (1 errors)
          /Users/pablogrossi/Desktop/AXLE/NASA/MoonBase/AXLE_lean_files/G6Crystal.lean:18:0: error: object file '/Users/pablogrossi/Desktop/geometry/.lake/build/lib/lean/Orthogenesis/Architecture/Colony.olean' of module Orthogenesis.Architecture.Colony does not exist

  0 ok, 1 failed
[ 182/ 280] /Users/pablogrossi/Desktop/AXLE/NASA/MoonBase/AXLE_lean_files/NASAGaps.lean
project:   /Users/pablogrossi/Desktop/geometry  (leanprover/lean4:v4.32.0)
mathlib:   leanprover/lean4:v4.32.0

  FAIL     3s  NASAGaps.lean  (1 errors)
          /Users/pablogrossi/Desktop/AXLE/NASA/MoonBase/AXLE_lean_files/NASAGaps.lean:11:0: error: object file '/Users/pablogrossi/Desktop/geometry/.lake/build/lib/lean/Orthogenesis/Architecture/Colony.olean' of module Orthogenesis.Architecture.Colony does not exist

  0 ok, 1 failed
[ 183/ 280] /Users/pablogrossi/Desktop/AXLE/NASA/MoonBase/NASAGaps.lean
project:   /Users/pablogrossi/Desktop/geometry  (leanprover/lean4:v4.32.0)
mathlib:   leanprover/lean4:v4.32.0

  FAIL     2s  NASAGaps.lean  (1 errors)
          /Users/pablogrossi/Desktop/AXLE/NASA/MoonBase/NASAGaps.lean:11:0: error: object file '/Users/pablogrossi/Desktop/geometry/.lake/build/lib/lean/Orthogenesis/Architecture/Colony.olean' of module Orthogenesis.Architecture.Colony does not exist

  0 ok, 1 failed
[ 184/ 280] /Users/pablogrossi/Desktop/AXLE/PrincipiaOrthogona_v2/VolumeTwo.lean
project:   /Users/pablogrossi/Desktop/geometry  (leanprover/lean4:v4.32.0)
mathlib:   leanprover/lean4:v4.32.0

  FAIL    91s  VolumeTwo.lean  (1 errors)
          /Users/pablogrossi/Desktop/AXLE/PrincipiaOrthogona_v2/VolumeTwo.lean:354:30: error: invalid binder annotation, type is not a class instance
            ?m.2
          
          Note: Use the command `set_option checkBinderAnnotations false` to disable the check

  0 ok, 1 failed
[ 185/ 280] /Users/pablogrossi/Desktop/AXLE/SmokeBox.lean
project:   /Users/pablogrossi/Desktop/geometry  (leanprover/lean4:v4.32.0)
mathlib:   leanprover/lean4:v4.32.0

  OK     107s  SmokeBox.lean
        audit: 10 declarations, all within the permitted three
        report: tools/verify-audit/2026-09-09/SmokeBox.axioms.txt

  1 ok, 0 failed
[ 186/ 280] /Users/pablogrossi/Desktop/AXLE/TribonacciMeasure.lean
project:   /Users/pablogrossi/Desktop/geometry  (leanprover/lean4:v4.32.0)
mathlib:   leanprover/lean4:v4.32.0

  FAIL  7364s  TribonacciMeasure.lean  (7 errors)
          /Users/pablogrossi/Desktop/AXLE/TribonacciMeasure.lean:38:52: error: Type mismatch
            rfl
          has type
            ?m.7 = ?m.7
          but is expected to have type
            tribonacci 0 = 0
          /Users/pablogrossi/Desktop/AXLE/TribonacciMeasure.lean:39:52: error: Type mismatch
            rfl
          has type
            ?m.7 = ?m.7
          but is expected to have type
            tribonacci 1 = 1
          /Users/pablogrossi/Desktop/AXLE/TribonacciMeasure.lean:40:52: error: Type mismatch
            rfl
          has type
            ?m.7 = ?m.7
          but is expected to have type
            tribonacci 2 = 1
          /Users/pablogrossi/Desktop/AXLE/TribonacciMeasure.lean:42:0: error: Not a definitional equality: the left-hand side
            tribonacci (n + 3)
          is not definitionally equal to the right-hand side
            tribonacci (n + 2) + tribonacci (n + 1) + tribonacci n
          /Users/pablogrossi/Desktop/AXLE/TribonacciMeasure.lean:43:83: error: Type mismatch
            rfl
          has type
            ?m.29 = ?m.29
          but is expected to have type
            tribonacci (n + 3) = tribonacci (n + 2) + tribonacci (n + 1) + tribonacci n
          /Users/pablogrossi/Desktop/AXLE/TribonacciMeasure.lean:112:8: error(lean.unknownIdentifier): Unknown identifier `pow_lt_pow_of_lt_one`
          /Users/pablogrossi/Desktop/AXLE/TribonacciMeasure.lean:113:2: error: No goals to be solved

  0 ok, 1 failed
[ 187/ 280] /Users/pablogrossi/Desktop/AXLE/Vol13_Coherence.lean
project:   /Users/pablogrossi/Desktop/geometry  (leanprover/lean4:v4.32.0)
mathlib:   leanprover/lean4:v4.32.0

  OK      14s  Vol13_Coherence.lean
        audit: 18 declarations, all within the permitted three
        report: tools/verify-audit/2026-09-09/Vol13_Coherence.axioms.txt

  1 ok, 0 failed
[ 188/ 280] /Users/pablogrossi/Desktop/AXLE/discreteDm3.lean
project:   /Users/pablogrossi/Desktop/geometry  (leanprover/lean4:v4.32.0)
mathlib:   leanprover/lean4:v4.32.0

  FAIL     3s  discreteDm3.lean  (1 errors)
          /Users/pablogrossi/Desktop/AXLE/discreteDm3.lean:1:0: error: object file '/Users/pablogrossi/Desktop/geometry/.lake/packages/mathlib/.lake/build/lib/lean/Mathlib/Init/Function.olean' of module Mathlib.Init.Function does not exist

  0 ok, 1 failed
[ 189/ 280] /Users/pablogrossi/Desktop/AXLE/discretedm3.lean
project:   /Users/pablogrossi/Desktop/geometry  (leanprover/lean4:v4.32.0)
mathlib:   leanprover/lean4:v4.32.0

  FAIL     1s  discretedm3.lean  (1 errors)
          /Users/pablogrossi/Desktop/AXLE/discretedm3.lean:1:0: error: object file '/Users/pablogrossi/Desktop/geometry/.lake/packages/mathlib/.lake/build/lib/lean/Mathlib/Init/Function.olean' of module Mathlib.Init.Function does not exist

  0 ok, 1 failed
[ 190/ 280] /Users/pablogrossi/Desktop/AXLE/finite.lean
project:   /Users/pablogrossi/Desktop/geometry  (leanprover/lean4:v4.32.0)
mathlib:   leanprover/lean4:v4.32.0

  FAIL     2s  finite.lean  (1 errors)
          /Users/pablogrossi/Desktop/AXLE/finite.lean:4:0: error: object file '/Users/pablogrossi/Desktop/geometry/.lake/packages/mathlib/.lake/build/lib/lean/Mathlib/MeasureTheory/Measure/Lebesgue.olean' of module Mathlib.MeasureTheory.Measure.Lebesgue does not exist

  0 ok, 1 failed
[ 191/ 280] /Users/pablogrossi/Desktop/AXLE/lean/Finite.lean
project:   /Users/pablogrossi/Desktop/geometry  (leanprover/lean4:v4.32.0)
mathlib:   leanprover/lean4:v4.32.0

  FAIL     2s  Finite.lean  (1 errors)
          /Users/pablogrossi/Desktop/AXLE/lean/Finite.lean:4:0: error: object file '/Users/pablogrossi/Desktop/geometry/.lake/packages/mathlib/.lake/build/lib/lean/Mathlib/MeasureTheory/Measure/Lebesgue.olean' of module Mathlib.MeasureTheory.Measure.Lebesgue does not exist

  0 ok, 1 failed
[ 192/ 280] /Users/pablogrossi/Desktop/AXLE/lean/Main_v2.lean
project:   /Users/pablogrossi/Desktop/geometry  (leanprover/lean4:v4.32.0)
mathlib:   leanprover/lean4:v4.32.0

  FAIL    42s  Main_v2.lean  (7 errors)
          /Users/pablogrossi/Desktop/AXLE/lean/Main_v2.lean:27:12: error: Application type mismatch: The argument
            M.metric
          has type
            MetricSpace M.carrier
          but is expected to have type
            Dist ?m.1
          in the application
            @dist ?m.1 M.metric
          /Users/pablogrossi/Desktop/AXLE/lean/Main_v2.lean:27:47: error: Application type mismatch: The argument
            M.metric
          has type
            MetricSpace M.carrier
          but is expected to have type
            Dist ?m.2
          in the application
            @dist ?m.2 M.metric
          /Users/pablogrossi/Desktop/AXLE/lean/Main_v2.lean:60:17: error(lean.unknownIdentifier): Unknown constant `Real.pi`
          /Users/pablogrossi/Desktop/AXLE/lean/Main_v2.lean:66:4: error(lean.dependsOnNoncomputable): failed to compile definition, consider marking it as 'noncomputable' because it depends on 'Real.instDivInvMonoid', which is 'noncomputable'
          /Users/pablogrossi/Desktop/AXLE/lean/Main_v2.lean:72:8: warning: declaration uses `sorry`
          /Users/pablogrossi/Desktop/AXLE/lean/Main_v2.lean:79:54: error: maximum recursion depth has been reached
          use `set_option maxRecDepth <num>` to increase limit
          use `set_option diagnostics true` to get diagnostic information
          /Users/pablogrossi/Desktop/AXLE/lean/Main_v2.lean:114:20: error: No goals to be solved
          /Users/pablogrossi/Desktop/AXLE/lean/Main_v2.lean:121:21: error: Application type mismatch: The argument
            Nat.le_add_right ?m.17 ?m.18
          has type
            ?m.17 ≤ ?m.17 + ?m.18
          but is expected to have type
            (nextLevel r).layer_count ≥ r.layer_count
          in the application
            ⟨rfl, Nat.le_add_right ?m.17 ?m.18⟩

  0 ok, 1 failed
[ 193/ 280] /Users/pablogrossi/Desktop/AXLE/lean/discreteDm3.lean
project:   /Users/pablogrossi/Desktop/geometry  (leanprover/lean4:v4.32.0)
mathlib:   leanprover/lean4:v4.32.0

  FAIL     4s  discreteDm3.lean  (1 errors)
          /Users/pablogrossi/Desktop/AXLE/lean/discreteDm3.lean:1:0: error: object file '/Users/pablogrossi/Desktop/geometry/.lake/packages/mathlib/.lake/build/lib/lean/Mathlib/Data/Nat/Prime.olean' of module Mathlib.Data.Nat.Prime does not exist

  0 ok, 1 failed
[ 194/ 280] /Users/pablogrossi/Desktop/AXLE/lean/finite_v1.lean
project:   /Users/pablogrossi/Desktop/geometry  (leanprover/lean4:v4.32.0)
mathlib:   leanprover/lean4:v4.32.0

  FAIL     2s  finite_v1.lean  (1 errors)
          /Users/pablogrossi/Desktop/AXLE/lean/finite_v1.lean:4:0: error: object file '/Users/pablogrossi/Desktop/geometry/.lake/packages/mathlib/.lake/build/lib/lean/Mathlib/MeasureTheory/Measure/Lebesgue.olean' of module Mathlib.MeasureTheory.Measure.Lebesgue does not exist

  0 ok, 1 failed
[ 195/ 280] /Users/pablogrossi/Desktop/AXLE/to_delete/verify-core-superseded-by-vol1-proofs/probe_core.lean
project:   /Users/pablogrossi/Desktop/geometry  (leanprover/lean4:v4.32.0)
mathlib:   leanprover/lean4:v4.32.0

  FAIL  3562s  probe_core.lean  (99 errors)
          /Users/pablogrossi/Desktop/AXLE/to_delete/verify-core-superseded-by-vol1-proofs/probe_core.lean:21:14: error(lean.unknownIdentifier): Unknown constant `PrincipiaVol1.V_critical_at_one`
          /Users/pablogrossi/Desktop/AXLE/to_delete/verify-core-superseded-by-vol1-proofs/probe_core.lean:22:14: error(lean.unknownIdentifier): Unknown constant `PrincipiaVol1.V_second_deriv_at_one`
          /Users/pablogrossi/Desktop/AXLE/to_delete/verify-core-superseded-by-vol1-proofs/probe_core.lean:23:14: error(lean.unknownIdentifier): Unknown constant `PrincipiaVol1.V_second_deriv_ne_zero`
          /Users/pablogrossi/Desktop/AXLE/to_delete/verify-core-superseded-by-vol1-proofs/probe_core.lean:24:14: error(lean.unknownIdentifier): Unknown constant `PrincipiaVol1.V_at_one`
          /Users/pablogrossi/Desktop/AXLE/to_delete/verify-core-superseded-by-vol1-proofs/probe_core.lean:25:14: error(lean.unknownIdentifier): Unknown constant `PrincipiaVol1.V_factored`
          /Users/pablogrossi/Desktop/AXLE/to_delete/verify-core-superseded-by-vol1-proofs/probe_core.lean:26:14: error(lean.unknownIdentifier): Unknown constant `PrincipiaVol1.contactCoeff_neg`
          /Users/pablogrossi/Desktop/AXLE/to_delete/verify-core-superseded-by-vol1-proofs/probe_core.lean:27:14: error(lean.unknownIdentifier): Unknown constant `PrincipiaVol1.contactCoeff_ne_zero`
          /Users/pablogrossi/Desktop/AXLE/to_delete/verify-core-superseded-by-vol1-proofs/probe_core.lean:28:14: error(lean.unknownIdentifier): Unknown constant `PrincipiaVol1.gronwall_radius`
          /Users/pablogrossi/Desktop/AXLE/to_delete/verify-core-superseded-by-vol1-proofs/probe_core.lean:29:14: error(lean.unknownIdentifier): Unknown constant `PrincipiaVol1.epsilon0_of_two`
          /Users/pablogrossi/Desktop/AXLE/to_delete/verify-core-superseded-by-vol1-proofs/probe_core.lean:30:14: error(lean.unknownIdentifier): Unknown constant `PrincipiaVol1.epsilon0_of_three`
          /Users/pablogrossi/Desktop/AXLE/to_delete/verify-core-superseded-by-vol1-proofs/probe_core.lean:31:14: error(lean.unknownIdentifier): Unknown constant `PrincipiaVol1.epsilon0_of_eq_third_iff`
          /Users/pablogrossi/Desktop/AXLE/to_delete/verify-core-superseded-by-vol1-proofs/probe_core.lean:32:14: error(lean.unknownIdentifier): Unknown constant `PrincipiaVol1.gronwall_radius_pos`
          /Users/pablogrossi/Desktop/AXLE/to_delete/verify-core-superseded-by-vol1-proofs/probe_core.lean:33:14: error(lean.unknownIdentifier): Unknown constant `PrincipiaVol1.gronwall_radius_lt_one`
          /Users/pablogrossi/Desktop/AXLE/to_delete/verify-core-superseded-by-vol1-proofs/probe_core.lean:34:14: error(lean.unknownIdentifier): Unknown constant `PrincipiaVol1.basin_asymmetry`
          /Users/pablogrossi/Desktop/AXLE/to_delete/verify-core-superseded-by-vol1-proofs/probe_core.lean:35:14: error(lean.unknownIdentifier): Unknown constant `PrincipiaVol1.basin_asymmetry_at_canonical_r_star`
          /Users/pablogrossi/Desktop/AXLE/to_delete/verify-core-superseded-by-vol1-proofs/probe_core.lean:36:14: error(lean.unknownIdentifier): Unknown constant `PrincipiaVol1.mu_canonical`
          /Users/pablogrossi/Desktop/AXLE/to_delete/verify-core-superseded-by-vol1-proofs/probe_core.lean:37:14: error(lean.unknownIdentifier): Unknown constant `PrincipiaVol1.mu_dm3_neg`
          /Users/pablogrossi/Desktop/AXLE/to_delete/verify-core-superseded-by-vol1-proofs/probe_core.lean:38:14: error(lean.unknownIdentifier): Unknown constant `PrincipiaVol1.Phi_pos`
          /Users/pablogrossi/Desktop/AXLE/to_delete/verify-core-superseded-by-vol1-proofs/probe_core.lean:39:14: error(lean.unknownIdentifier): Unknown constant `PrincipiaVol1.dPhi_pos`
          /Users/pablogrossi/Desktop/AXLE/to_delete/verify-core-superseded-by-vol1-proofs/probe_core.lean:40:14: error(lean.unknownIdentifier): Unknown constant `PrincipiaVol1.dPhi_at_threshold`
          /Users/pablogrossi/Desktop/AXLE/to_delete/verify-core-superseded-by-vol1-proofs/probe_core.lean:41:14: error(lean.unknownIdentifier): Unknown constant `PrincipiaVol1.noiseTolerance`
          /Users/pablogrossi/Desktop/AXLE/to_delete/verify-core-superseded-by-vol1-proofs/probe_core.lean:42:14: error(lean.unknownIdentifier): Unknown constant `PrincipiaVol1.gronwall_contraction_below_stability_radius`
          /Users/pablogrossi/Desktop/AXLE/to_delete/verify-core-superseded-by-vol1-proofs/probe_core.lean:43:14: error(lean.unknownIdentifier): Unknown constant `PrincipiaVol1.exp_neg_two_le`
          /Users/pablogrossi/Desktop/AXLE/to_delete/verify-core-superseded-by-vol1-proofs/probe_core.lean:44:14: error(lean.unknownIdentifier): Unknown constant `PrincipiaVol1.exp_neg_twelve_le`
          /Users/pablogrossi/Desktop/AXLE/to_delete/verify-core-superseded-by-vol1-proofs/probe_core.lean:45:14: error(lean.unknownIdentifier): Unknown constant `PrincipiaVol1.transverse_sum_bound`
          /Users/pablogrossi/Desktop/AXLE/to_delete/verify-core-superseded-by-vol1-proofs/probe_core.lean:46:14: error(lean.unknownIdentifier): Unknown constant `PrincipiaVol1.spectral_trace_ne_33`
          /Users/pablogrossi/Desktop/AXLE/to_delete/verify-core-superseded-by-vol1-proofs/probe_core.lean:47:14: error(lean.unknownIdentifier): Unknown constant `PrincipiaVol1.separation_theorem`
          /Users/pablogrossi/Desktop/AXLE/to_delete/verify-core-superseded-by-vol1-proofs/probe_core.lean:48:14: error(lean.unknownIdentifier): Unknown constant `PrincipiaVol1.separation_trace_first`
          /Users/pablogrossi/Desktop/AXLE/to_delete/verify-core-superseded-by-vol1-proofs/probe_core.lean:49:14: error(lean.unknownIdentifier): Unknown constant `PrincipiaVol1.coherent_directions_realise_33`
          /Users/pablogrossi/Desktop/AXLE/to_delete/verify-core-superseded-by-vol1-proofs/probe_core.lean:50:14: error(lean.unknownIdentifier): Unknown constant `PrincipiaVol1.transverse_sum_bound_general`
          /Users/pablogrossi/Desktop/AXLE/to_delete/verify-core-superseded-by-vol1-proofs/probe_core.lean:51:14: error(lean.unknownIdentifier): Unknown constant `PrincipiaVol1.spectral_trace_ne_33_upto`
          /Users/pablogrossi/Desktop/AXLE/to_delete/verify-core-superseded-by-vol1-proofs/probe_core.lean:52:14: error(lean.unknownIdentifier): Unknown constant `PrincipiaVol1.separation_fails_in_high_dimension`
          /Users/pablogrossi/Desktop/AXLE/to_delete/verify-core-superseded-by-vol1-proofs/probe_core.lean:53:14: error(lean.unknownIdentifier): Unknown constant `PrincipiaVol1.dm3_hypothesis_nonvacuous`
          /Users/pablogrossi/Desktop/AXLE/to_delete/verify-core-superseded-by-vol1-proofs/probe_core.lean:54:14: error(lean.unknownIdentifier): Unknown constant `PrincipiaVol1.v6_separation_statement_is_false`
          /Users/pablogrossi/Desktop/AXLE/to_delete/verify-core-superseded-by-vol1-proofs/probe_core.lean:55:14: error(lean.unknownIdentifier): Unknown constant `PrincipiaVol1.v6_statement_false_at_dimension_five`
          /Users/pablogrossi/Desktop/AXLE/to_delete/verify-core-superseded-by-vol1-proofs/probe_core.lean:56:14: error(lean.unknownIdentifier): Unknown constant `PrincipiaVol1.sup_strictMono_isLimit`
          /Users/pablogrossi/Desktop/AXLE/to_delete/verify-core-superseded-by-vol1-proofs/probe_core.lean:57:14: error(lean.unknownIdentifier): Unknown constant `PrincipiaVol1.closurePoints_unbounded`
          /Users/pablogrossi/Desktop/AXLE/to_delete/verify-core-superseded-by-vol1-proofs/probe_core.lean:58:14: error(lean.unknownIdentifier): Unknown constant `PrincipiaVol1.sup_lt_of_regular`
          /Users/pablogrossi/Desktop/AXLE/to_delete/verify-core-superseded-by-vol1-proofs/probe_core.lean:59:14: error(lean.unknownIdentifier): Unknown constant `PrincipiaVol1.pickAbove_spec`
          /Users/pablogrossi/Desktop/AXLE/to_delete/verify-core-superseded-by-vol1-proofs/probe_core.lean:60:14: error(lean.unknownIdentifier): Unknown constant `PrincipiaVol1.chain_bound`
          /Users/pablogrossi/Desktop/AXLE/to_delete/verify-core-superseded-by-vol1-proofs/probe_core.lean:61:14: error(lean.unknownIdentifier): Unknown constant `PrincipiaVol1.chain_mem`
          /Users/pablogrossi/Desktop/AXLE/to_delete/verify-core-superseded-by-vol1-proofs/probe_core.lean:62:14: error(lean.unknownIdentifier): Unknown constant `PrincipiaVol1.chain_strictMono`
          /Users/pablogrossi/Desktop/AXLE/to_delete/verify-core-superseded-by-vol1-proofs/probe_core.lean:63:14: error(lean.unknownIdentifier): Unknown constant `PrincipiaVol1.closurePoints_stationary`
          /Users/pablogrossi/Desktop/AXLE/to_delete/verify-core-superseded-by-vol1-proofs/probe_core.lean:64:14: error(lean.unknownIdentifier): Unknown constant `PrincipiaVol1.nextLevel_layer_count_gt`
          /Users/pablogrossi/Desktop/AXLE/to_delete/verify-core-superseded-by-vol1-proofs/probe_core.lean:65:14: error(lean.unknownIdentifier): Unknown constant `PrincipiaVol1.regeneration_unbounded`
          /Users/pablogrossi/Desktop/AXLE/to_delete/verify-core-superseded-by-vol1-proofs/probe_core.lean:66:14: error(lean.unknownIdentifier): Unknown constant `PrincipiaVol1.ordinalNextLevel_is_closure_point`
          /Users/pablogrossi/Desktop/AXLE/to_delete/verify-core-superseded-by-vol1-proofs/probe_core.lean:67:14: error(lean.unknownIdentifier): Unknown constant `PrincipiaVol1.ordinal_regeneration_unbounded`
          /Users/pablogrossi/Desktop/AXLE/to_delete/verify-core-superseded-by-vol1-proofs/probe_core.lean:68:14: error(lean.unknownIdentifier): Unknown constant `PrincipiaVol1.regeneration_hierarchy_mahlo`
          /Users/pablogrossi/Desktop/AXLE/to_delete/verify-core-superseded-by-vol1-proofs/probe_core.lean:69:14: error(lean.unknownIdentifier): Unknown constant `PrincipiaVol1.crystal_aspect_ratio`
          /Users/pablogrossi/Desktop/AXLE/to_delete/verify-core-superseded-by-vol1-proofs/probe_core.lean:70:14: error(lean.unknownIdentifier): Unknown constant `PrincipiaVol1.aspect_ratio_encodes_invariants`
          /Users/pablogrossi/Desktop/AXLE/to_delete/verify-core-superseded-by-vol1-proofs/probe_core.lean:71:14: error(lean.unknownIdentifier): Unknown constant `PrincipiaVol1.unfold_stable_branch_is_vacuous`
          /Users/pablogrossi/Desktop/AXLE/to_delete/verify-core-superseded-by-vol1-proofs/probe_core.lean:72:14: error(lean.unknownIdentifier): Unknown constant `PrincipiaVol1.foldMap_not_odd`
          /Users/pablogrossi/Desktop/AXLE/to_delete/verify-core-superseded-by-vol1-proofs/probe_core.lean:73:14: error(lean.unknownIdentifier): Unknown constant `PrincipiaVol1.foldMap_branch_subset`
          /Users/pablogrossi/Desktop/AXLE/to_delete/verify-core-superseded-by-vol1-proofs/probe_core.lean:74:14: error(lean.unknownIdentifier): Unknown constant `PrincipiaVol1.foldSym_branch_subset`
          /Users/pablogrossi/Desktop/AXLE/to_delete/verify-core-superseded-by-vol1-proofs/probe_core.lean:75:14: error(lean.unknownIdentifier): Unknown constant `PrincipiaVol1.shrinkMap_sq_le`
          /Users/pablogrossi/Desktop/AXLE/to_delete/verify-core-superseded-by-vol1-proofs/probe_core.lean:76:14: error(lean.unknownIdentifier): Unknown constant `PrincipiaVol1.nonCommutativity_instance`
          /Users/pablogrossi/Desktop/AXLE/to_delete/verify-core-superseded-by-vol1-proofs/probe_core.lean:77:14: error(lean.unknownIdentifier): Unknown constant `PrincipiaVol1.nonCommutativity_nondegenerate`
          /Users/pablogrossi/Desktop/AXLE/to_delete/verify-core-superseded-by-vol1-proofs/probe_core.lean:78:14: error(lean.unknownIdentifier): Unknown constant `PrincipiaVol1.commuting_instance`
          /Users/pablogrossi/Desktop/AXLE/to_delete/verify-core-superseded-by-vol1-proofs/probe_core.lean:79:14: error(lean.unknownIdentifier): Unknown constant `PrincipiaVol1.compression_permits_identity`
          /Users/pablogrossi/Desktop/AXLE/to_delete/verify-core-superseded-by-vol1-proofs/probe_core.lean:80:14: error(lean.unknownIdentifier): Unknown constant `PrincipiaVol1.exists_order_dependent`
          /Users/pablogrossi/Desktop/AXLE/to_delete/verify-core-superseded-by-vol1-proofs/probe_core.lean:81:14: error(lean.unknownIdentifier): Unknown constant `PrincipiaVol1.not_forall_order_dependent`
          /Users/pablogrossi/Desktop/AXLE/to_delete/verify-core-superseded-by-vol1-proofs/probe_core.lean:82:14: error(lean.unknownIdentifier): Unknown constant `PrincipiaVol1.thm_5_3_is_exactly_existential`
          /Users/pablogrossi/Desktop/AXLE/to_delete/verify-core-superseded-by-vol1-proofs/probe_core.lean:85:14: error(lean.unknownIdentifier): Unknown constant `AutophagyDm3.contactCoeff_neg`
          /Users/pablogrossi/Desktop/AXLE/to_delete/verify-core-superseded-by-vol1-proofs/probe_core.lean:86:14: error(lean.unknownIdentifier): Unknown constant `AutophagyDm3.contactCoeff_ne_zero`
          /Users/pablogrossi/Desktop/AXLE/to_delete/verify-core-superseded-by-vol1-proofs/probe_core.lean:87:14: error(lean.unknownIdentifier): Unknown constant `AutophagyDm3.V_critical_at_one`
          /Users/pablogrossi/Desktop/AXLE/to_delete/verify-core-superseded-by-vol1-proofs/probe_core.lean:88:14: error(lean.unknownIdentifier): Unknown constant `AutophagyDm3.V_second_deriv_at_one`
          /Users/pablogrossi/Desktop/AXLE/to_delete/verify-core-superseded-by-vol1-proofs/probe_core.lean:89:14: error(lean.unknownIdentifier): Unknown constant `AutophagyDm3.V_second_deriv_ne_zero`
          /Users/pablogrossi/Desktop/AXLE/to_delete/verify-core-superseded-by-vol1-proofs/probe_core.lean:90:14: error(lean.unknownIdentifier): Unknown constant `AutophagyDm3.V_at_one`
          /Users/pablogrossi/Desktop/AXLE/to_delete/verify-core-superseded-by-vol1-proofs/probe_core.lean:91:14: error(lean.unknownIdentifier): Unknown constant `AutophagyDm3.V_factored`
          /Users/pablogrossi/Desktop/AXLE/to_delete/verify-core-superseded-by-vol1-proofs/probe_core.lean:92:14: error(lean.unknownIdentifier): Unknown constant `AutophagyDm3.V_double_root`

  0 ok, 1 failed
[ 196/ 280] /Users/pablogrossi/Desktop/AXLE/tools/verify-vol2/probe_vol2.lean
project:   /Users/pablogrossi/Desktop/geometry  (leanprover/lean4:v4.32.0)
mathlib:   leanprover/lean4:v4.32.0

  FAIL     6s  probe_vol2.lean  (1 errors)
          /Users/pablogrossi/Desktop/AXLE/tools/verify-vol2/probe_vol2.lean:16:0: error: unknown module prefix 'PrincipiaOrthogona_v2'
          
          No directory 'PrincipiaOrthogona_v2' or file 'PrincipiaOrthogona_v2.olean' in the search path entries:
          /Users/pablogrossi/Desktop/geometry/.lake/packages/Cli/.lake/build/lib/lean
          /Users/pablogrossi/Desktop/geometry/.lake/packages/batteries/.lake/build/lib/lean
          /Users/pablogrossi/Desktop/geometry/.lake/packages/Qq/.lake/build/lib/lean
          /Users/pablogrossi/Desktop/geometry/.lake/packages/aesop/.lake/build/lib/lean
          /Users/pablogrossi/Desktop/geometry/.lake/packages/proofwidgets/.lake/build/lib/lean
          /Users/pablogrossi/Desktop/geometry/.lake/packages/importGraph/.lake/build/lib/lean
          /Users/pablogrossi/Desktop/geometry/.lake/packages/LeanSearchClient/.lake/build/lib/lean
          /Users/pablogrossi/Desktop/geometry/.lake/packages/plausible/.lake/build/lib/lean
          /Users/pablogrossi/Desktop/geometry/.lake/packages/mathlib/.lake/build/lib/lean
          /Users/pablogrossi/Desktop/geometry/.lake/build/lib/lean
          /Users/pablogrossi/.elan/toolchains/leanprover--lean4---v4.32.0/lib/lean
          /Users/pablogrossi/.elan/toolchains/leanprover--lean4---v4.32.0/lib/lean

  0 ok, 1 failed
[ 197/ 280] /Users/pablogrossi/Desktop/geometry/AMonster/dm3_operators.lean
project:   /Users/pablogrossi/Desktop/geometry  (leanprover/lean4:v4.32.0)
mathlib:   leanprover/lean4:v4.32.0

  FAIL    42s  dm3_operators.lean  (20 errors)
          /Users/pablogrossi/Desktop/geometry/AMonster/dm3_operators.lean:65:4: error(lean.dependsOnNoncomputable): failed to compile definition, consider marking it as 'noncomputable' because it depends on 'decidableLE', which is 'noncomputable'
          /Users/pablogrossi/Desktop/geometry/AMonster/dm3_operators.lean:71:4: error(lean.dependsOnNoncomputable): failed to compile definition, consider marking it as 'noncomputable' because it depends on 'exp', which is 'noncomputable'
          /Users/pablogrossi/Desktop/geometry/AMonster/dm3_operators.lean:75:4: error(lean.dependsOnNoncomputable): failed to compile definition, consider marking it as 'noncomputable' because it depends on 'U₃', which is 'noncomputable'
          /Users/pablogrossi/Desktop/geometry/AMonster/dm3_operators.lean:88:32: error: No goals to be solved
          /Users/pablogrossi/Desktop/geometry/AMonster/dm3_operators.lean:94:13: error: No goals to be solved
          /Users/pablogrossi/Desktop/geometry/AMonster/dm3_operators.lean:102:34: error: No goals to be solved
          /Users/pablogrossi/Desktop/geometry/AMonster/dm3_operators.lean:111:2: error: No goals to be solved
          /Users/pablogrossi/Desktop/geometry/AMonster/dm3_operators.lean:115:78: error: unexpected token '/-!'; expected 'lemma'
          /Users/pablogrossi/Desktop/geometry/AMonster/dm3_operators.lean:125:4: error(lean.dependsOnNoncomputable): failed to compile definition, consider marking it as 'noncomputable' because it depends on 'decidableLE', which is 'noncomputable'
          /Users/pablogrossi/Desktop/geometry/AMonster/dm3_operators.lean:128:4: error(lean.dependsOnNoncomputable): failed to compile definition, consider marking it as 'noncomputable' because it depends on 'exp', which is 'noncomputable'
          /Users/pablogrossi/Desktop/geometry/AMonster/dm3_operators.lean:131:4: error(lean.dependsOnNoncomputable): failed to compile definition, consider marking it as 'noncomputable' because it depends on 'U₁', which is 'noncomputable'
          /Users/pablogrossi/Desktop/geometry/AMonster/dm3_operators.lean:140:2: error: No goals to be solved
          /Users/pablogrossi/Desktop/geometry/AMonster/dm3_operators.lean:147:2: error: No goals to be solved
          /Users/pablogrossi/Desktop/geometry/AMonster/dm3_operators.lean:168:7: error: invalid 'calc' step, left-hand side is
            rexp (-1) * |r - r₀| : ℝ
          but is expected to be
            |r - r₀| * rexp (-1) : ℝ
          /Users/pablogrossi/Desktop/geometry/AMonster/dm3_operators.lean:176:9: error: Application type mismatch: The argument
            ?m.5^[n]
          has type
            ?m.3 → ?m.3
          but is expected to have type
            ℝ
          in the application
            G₁ κ ?m.5^[n]
          /Users/pablogrossi/Desktop/geometry/AMonster/dm3_operators.lean:176:9: error: Application type mismatch: The argument
            r₀
          has type
            ℝ
          but is expected to have type
            ?m.3 → ?m.3
          in the application
            Nat.iterate r₀
          /Users/pablogrossi/Desktop/geometry/AMonster/dm3_operators.lean:194:34: error: Application type mismatch: The argument
            ?m.8^[n]
          has type
            ?m.6 → ?m.6
          but is expected to have type
            ℝ
          in the application
            G₁ κ ?m.8^[n]
          /Users/pablogrossi/Desktop/geometry/AMonster/dm3_operators.lean:194:34: error: Application type mismatch: The argument
            r₀
          has type
            ℝ
          but is expected to have type
            ?m.6 → ?m.6
          in the application
            Nat.iterate r₀
          /Users/pablogrossi/Desktop/geometry/AMonster/dm3_operators.lean:223:43: error: Application type mismatch: The argument
            ?m.18^[n]
          has type
            ?m.16 → ?m.16
          but is expected to have type
            ℝ
          in the application
            G₁ κ ?m.18^[n]
          /Users/pablogrossi/Desktop/geometry/AMonster/dm3_operators.lean:223:43: error: Application type mismatch: The argument
            r₀
          has type
            ℝ
          but is expected to have type
            ?m.16 → ?m.16
          in the application
            Nat.iterate r₀
          /Users/pablogrossi/Desktop/geometry/AMonster/dm3_operators.lean:226:8: warning: declaration uses `sorry`
          /Users/pablogrossi/Desktop/geometry/AMonster/dm3_operators.lean:226:34: warning: Variable name `h` is not explicitly referenced.
          
          The binding can be removed (if unused) or named `_` (if used implicitly).
          

  0 ok, 1 failed
[ 198/ 280] /Users/pablogrossi/Desktop/geometry/CardiacHopfReduction.lean
project:   /Users/pablogrossi/Desktop/geometry  (leanprover/lean4:v4.32.0)
mathlib:   leanprover/lean4:v4.32.0

  FAIL    62s  CardiacHopfReduction.lean  (1 errors)
          /Users/pablogrossi/Desktop/geometry/CardiacHopfReduction.lean:41:80: error: unsolved goals
          μ L r : ℝ
          hL : L ≠ 0
          h : r ^ 2 = L * μ
          hr : r ^ 3 = r * r ^ 2
          ⊢ μ * r * (1 - 1) = 0

  0 ok, 1 failed
[ 199/ 280] /Users/pablogrossi/Desktop/geometry/ChladniPolygon.lean
project:   /Users/pablogrossi/Desktop/geometry  (leanprover/lean4:v4.32.0)
mathlib:   leanprover/lean4:v4.32.0

  OK    3569s  ChladniPolygon.lean
        audit: 8 declarations, all within the permitted three
        report: tools/verify-audit/2026-09-09/ChladniPolygon.axioms.txt

  1 ok, 0 failed
[ 200/ 280] /Users/pablogrossi/Desktop/geometry/CycleCoupling.lean
project:   /Users/pablogrossi/Desktop/geometry  (leanprover/lean4:v4.32.0)
mathlib:   leanprover/lean4:v4.32.0

  OK      25s  CycleCoupling.lean
        audit: 7 declarations, all within the permitted three
        report: tools/verify-audit/2026-09-09/CycleCoupling.axioms.txt

  1 ok, 0 failed
[ 201/ 280] /Users/pablogrossi/Desktop/geometry/FoldCentralCharge.lean
project:   /Users/pablogrossi/Desktop/geometry  (leanprover/lean4:v4.32.0)
mathlib:   leanprover/lean4:v4.32.0

  FAIL     3s  FoldCentralCharge.lean  (1 errors)
          /Users/pablogrossi/Desktop/geometry/FoldCentralCharge.lean:7:0: error: object file '/Users/pablogrossi/Desktop/geometry/.lake/packages/mathlib/.lake/build/lib/lean/Mathlib/LinearAlgebra/Matrix/Determinant.olean' of module Mathlib.LinearAlgebra.Matrix.Determinant does not exist

  0 ok, 1 failed
[ 202/ 280] /Users/pablogrossi/Desktop/geometry/Growth.lean
project:   /Users/pablogrossi/Desktop/geometry  (leanprover/lean4:v4.32.0)
mathlib:   leanprover/lean4:v4.32.0

  FAIL    43s  Growth.lean  (3 errors)
          /Users/pablogrossi/Desktop/geometry/Growth.lean:11:9: error: (kernel) invalid declaration, it uses unsafe declaration 'Real.instRepr'
          /Users/pablogrossi/Desktop/geometry/Growth.lean:11:9: error: failed to compile definition, compiler IR check failed at `Orthogenesis.instReprGrowthParams._closed_0`. Error: unknown join point 'block_0'
          PANIC at _private.Lean.Compiler.LCNF.ExplicitBoxing.0.Lean.Compiler.LCNF.Code.explicitBoxing.tryCorrectLetDeclType Lean.Compiler.LCNF.ExplicitBoxing:301:45: unreachable code has been reached
          backtrace:
          0   libleanshared.dylib                 0x00000001129496b8 _ZN4leanL15print_backtraceEb + 60
          1   libleanshared.dylib                 0x0000000112940468 _ZN4leanL15lean_panic_implEPKcmb + 176
          2   libleanshared.dylib                 0x0000000112940584 lean_panic_fn_borrowed + 64
          3   libleanshared.dylib                 0x000000010d1393a0 panic spec at Lean.Compiler.LCNF.Code.explicitBoxing.tryCorrectLetDeclType + 1684
          4   libleanshared.dylib                 0x000000010d13cac0 Lean.Compiler.LCNF.Code.explicitBoxing.visitLet [private] + 148
          5   libleanshared.dylib                 0x000000010d13ff90 Lean.Compiler.LCNF.Code.explicitBoxing [private] + 1392
          6   libleanshared.dylib                 0x000000010d143be4 Array.foldlMUnsafe.fold [private] spec at Lean.Compiler.LCNF.run + 736
          7   libleanshared.dylib                 0x000000010d1443d4 Lean.Compiler.LCNF.run [private] + 84
          8   libleanshared.dylib                 0x000000010d144500 Lean.Compiler.LCNF.run [boxed, private] + 48
          9   libleanshared.dylib                 0x0000000112956100 <apply/6> + 2464
          10  libleanshared.dylib                 0x000000010d42b20c Array.forIn'Unsafe.loop [private] spec at Lean.Compiler.LCNF.PassManager.run.runPassManagerPart + 828
          11  libleanshared.dylib                 0x000000010d42cab8 Lean.Compiler.LCNF.PassManager.run.runPassManagerPart [λ, private] + 52
          --
          /Users/pablogrossi/Desktop/geometry/Growth.lean:20:8: error(lean.unknownIdentifier): Unknown identifier `pow_le_pow_right`

  0 ok, 1 failed
[ 203/ 280] /Users/pablogrossi/Desktop/geometry/HexGrid.lean
project:   /Users/pablogrossi/Desktop/geometry  (leanprover/lean4:v4.32.0)
mathlib:   leanprover/lean4:v4.32.0

  FAIL  3504s  HexGrid.lean  (5 errors)
          /Users/pablogrossi/Desktop/geometry/HexGrid.lean:9:9: error: (kernel) invalid declaration, it uses unsafe declaration 'Real.instRepr'
          /Users/pablogrossi/Desktop/geometry/HexGrid.lean:9:9: error: failed to compile definition, compiler IR check failed at `Orthogenesis.instReprVec2._closed_0`. Error: unknown join point 'block_0'
          PANIC at _private.Lean.Compiler.LCNF.ExplicitBoxing.0.Lean.Compiler.LCNF.Code.explicitBoxing.tryCorrectLetDeclType Lean.Compiler.LCNF.ExplicitBoxing:301:45: unreachable code has been reached
          backtrace:
          0   libleanshared.dylib                 0x000000011083d6b8 _ZN4leanL15print_backtraceEb + 60
          1   libleanshared.dylib                 0x0000000110834468 _ZN4leanL15lean_panic_implEPKcmb + 176
          2   libleanshared.dylib                 0x0000000110834584 lean_panic_fn_borrowed + 64
          3   libleanshared.dylib                 0x000000010b02d3a0 panic spec at Lean.Compiler.LCNF.Code.explicitBoxing.tryCorrectLetDeclType + 1684
          4   libleanshared.dylib                 0x000000010b030ac0 Lean.Compiler.LCNF.Code.explicitBoxing.visitLet [private] + 148
          5   libleanshared.dylib                 0x000000010b033f90 Lean.Compiler.LCNF.Code.explicitBoxing [private] + 1392
          6   libleanshared.dylib                 0x000000010b037be4 Array.foldlMUnsafe.fold [private] spec at Lean.Compiler.LCNF.run + 736
          7   libleanshared.dylib                 0x000000010b0383d4 Lean.Compiler.LCNF.run [private] + 84
          8   libleanshared.dylib                 0x000000010b038500 Lean.Compiler.LCNF.run [boxed, private] + 48
          9   libleanshared.dylib                 0x000000011084a100 <apply/6> + 2464
          10  libleanshared.dylib                 0x000000010b31f20c Array.forIn'Unsafe.loop [private] spec at Lean.Compiler.LCNF.PassManager.run.runPassManagerPart + 828
          11  libleanshared.dylib                 0x000000010b320ab8 Lean.Compiler.LCNF.PassManager.run.runPassManagerPart [λ, private] + 52
          --
          /Users/pablogrossi/Desktop/geometry/HexGrid.lean:9:15: error(lean.dependsOnNoncomputable): failed to compile definition, consider marking it as 'noncomputable' because it depends on 'Real.decidableEq', which is 'noncomputable'
          /Users/pablogrossi/Desktop/geometry/HexGrid.lean:9:15: error(lean.dependsOnNoncomputable): failed to compile definition, consider marking it as 'noncomputable' because it depends on 'instDecidableEqVec2.decEq', which is 'noncomputable'
          /Users/pablogrossi/Desktop/geometry/HexGrid.lean:24:4: error(lean.dependsOnNoncomputable): failed to compile definition, consider marking it as 'noncomputable' because it depends on 'Real.instDivInvMonoid', which is 'noncomputable'

  0 ok, 1 failed
[ 204/ 280] /Users/pablogrossi/Desktop/geometry/LadderBound.lean
project:   /Users/pablogrossi/Desktop/geometry  (leanprover/lean4:v4.32.0)
mathlib:   leanprover/lean4:v4.32.0

  FAIL    77s  LadderBound.lean  (3 errors)
          'LadderBound.ladder_abs_error' depends on axioms: [propext, Classical.choice, Quot.sound]
          'LadderBound.ladder_rel_error' depends on axioms: [propext, Classical.choice, Quot.sound]
          'LadderBound.ladder_rel_error_of_lt' depends on axioms: [propext, Classical.choice, Quot.sound]
          'LadderBound.ladder_forbids_nothing' depends on axioms: [propext, Classical.choice, Quot.sound]

  0 ok, 1 failed
[ 205/ 280] /Users/pablogrossi/Desktop/geometry/NASAGaps.lean
project:   /Users/pablogrossi/Desktop/geometry  (leanprover/lean4:v4.32.0)
mathlib:   leanprover/lean4:v4.32.0

  FAIL   507s  NASAGaps.lean  (1 errors)
          /Users/pablogrossi/Desktop/geometry/NASAGaps.lean:11:0: error: object file '/Users/pablogrossi/Desktop/geometry/.lake/build/lib/lean/Orthogenesis/Architecture/Colony.olean' of module Orthogenesis.Architecture.Colony does not exist

  0 ok, 1 failed
[ 206/ 280] /Users/pablogrossi/Desktop/geometry/Orthogenesis.lean
project:   /Users/pablogrossi/Desktop/geometry  (leanprover/lean4:v4.32.0)
mathlib:   leanprover/lean4:v4.32.0

  OK    6739s  Orthogenesis.lean
        audit: NO DECLARATIONS REPORTED — probe produced no axiom lines
        the probe output, first 20 lines:
          
        probe kept for inspection: /tmp/leanprobe.XXXXXX.lean
        report: tools/verify-audit/2026-09-09/Orthogenesis.axioms.txt  (EMPTY — do not commit as evidence)

  0 ok, 1 failed
[ 207/ 280] /Users/pablogrossi/Desktop/geometry/Orthogenesis/Architecture/Coverage.lean
project:   /Users/pablogrossi/Desktop/geometry  (leanprover/lean4:v4.32.0)
mathlib:   leanprover/lean4:v4.32.0

  OK     681s  Coverage.lean
mktemp: mkstemp failed on /tmp/leanprobe.XXXXXX.lean: File exists
/Users/pablogrossi/Desktop/geometry/tools/leancheck.sh: line 90: : No such file or directory
        audit: NO DECLARATIONS REPORTED — probe produced no axiom lines
        the probe output, first 20 lines:
          no such file or directory (error code: 4294967294)
            file: 
        probe kept for inspection: 
        report: tools/verify-audit/2026-09-09/Coverage.axioms.txt  (EMPTY — do not commit as evidence)

  0 ok, 1 failed
[ 208/ 280] /Users/pablogrossi/Desktop/geometry/Orthogenesis/Architecture/DM3Bridge.lean
project:   /Users/pablogrossi/Desktop/geometry  (leanprover/lean4:v4.32.0)
mathlib:   leanprover/lean4:v4.32.0

  OK    1235s  DM3Bridge.lean
mktemp: mkstemp failed on /tmp/leanprobe.XXXXXX.lean: File exists
/Users/pablogrossi/Desktop/geometry/tools/leancheck.sh: line 90: : No such file or directory
        audit: NO DECLARATIONS REPORTED — probe produced no axiom lines
        the probe output, first 20 lines:
          no such file or directory (error code: 4294967294)
            file: 
        probe kept for inspection: 
        report: tools/verify-audit/2026-09-09/DM3Bridge.axioms.txt  (EMPTY — do not commit as evidence)

  0 ok, 1 failed
[ 209/ 280] /Users/pablogrossi/Desktop/geometry/Orthogenesis/Architecture/G6Crystal.lean
project:   /Users/pablogrossi/Desktop/geometry  (leanprover/lean4:v4.32.0)
mathlib:   leanprover/lean4:v4.32.0

  OK    2282s  G6Crystal.lean
mktemp: mkstemp failed on /tmp/leanprobe.XXXXXX.lean: File exists
/Users/pablogrossi/Desktop/geometry/tools/leancheck.sh: line 90: : No such file or directory
        audit: NO DECLARATIONS REPORTED — probe produced no axiom lines
        the probe output, first 20 lines:
          no such file or directory (error code: 4294967294)
            file: 
        probe kept for inspection: 
        report: tools/verify-audit/2026-09-09/G6Crystal.axioms.txt  (EMPTY — do not commit as evidence)

  0 ok, 1 failed
[ 210/ 280] /Users/pablogrossi/Desktop/geometry/Orthogenesis/Architecture/NASAGaps.lean
project:   /Users/pablogrossi/Desktop/geometry  (leanprover/lean4:v4.32.0)
mathlib:   leanprover/lean4:v4.32.0

  OK    2183s  NASAGaps.lean
mktemp: mkstemp failed on /tmp/leanprobe.XXXXXX.lean: File exists
/Users/pablogrossi/Desktop/geometry/tools/leancheck.sh: line 90: : No such file or directory
        audit: NO DECLARATIONS REPORTED — probe produced no axiom lines
        the probe output, first 20 lines:
          no such file or directory (error code: 4294967294)
            file: 
        probe kept for inspection: 
        report: tools/verify-audit/2026-09-09/NASAGaps.axioms.txt  (EMPTY — do not commit as evidence)

  0 ok, 1 failed
[ 211/ 280] /Users/pablogrossi/Desktop/geometry/Orthogenesis/Architecture/ToyModel.lean
project:   /Users/pablogrossi/Desktop/geometry  (leanprover/lean4:v4.32.0)
mathlib:   leanprover/lean4:v4.32.0

  OK      67s  ToyModel.lean
mktemp: mkstemp failed on /tmp/leanprobe.XXXXXX.lean: File exists
/Users/pablogrossi/Desktop/geometry/tools/leancheck.sh: line 90: : No such file or directory
        audit: NO DECLARATIONS REPORTED — probe produced no axiom lines
        the probe output, first 20 lines:
          no such file or directory (error code: 4294967294)
            file: 
        probe kept for inspection: 
        report: tools/verify-audit/2026-09-09/ToyModel.axioms.txt  (EMPTY — do not commit as evidence)

  0 ok, 1 failed
[ 212/ 280] /Users/pablogrossi/Desktop/geometry/Orthogenesis/Geometry/Cell.lean
project:   /Users/pablogrossi/Desktop/geometry  (leanprover/lean4:v4.32.0)
mathlib:   leanprover/lean4:v4.32.0

  OK    2543s  Cell.lean
mktemp: mkstemp failed on /tmp/leanprobe.XXXXXX.lean: File exists
/Users/pablogrossi/Desktop/geometry/tools/leancheck.sh: line 90: : No such file or directory
        audit: NO DECLARATIONS REPORTED — probe produced no axiom lines
        the probe output, first 20 lines:
          no such file or directory (error code: 4294967294)
            file: 
        probe kept for inspection: 
        report: tools/verify-audit/2026-09-09/Cell.axioms.txt  (EMPTY — do not commit as evidence)

  0 ok, 1 failed
[ 213/ 280] /Users/pablogrossi/Desktop/geometry/Orthogenesis/Geometry/Colony.lean
project:   /Users/pablogrossi/Desktop/geometry  (leanprover/lean4:v4.32.0)
mathlib:   leanprover/lean4:v4.32.0

  OK     326s  Colony.lean
mktemp: mkstemp failed on /tmp/leanprobe.XXXXXX.lean: File exists
/Users/pablogrossi/Desktop/geometry/tools/leancheck.sh: line 90: : No such file or directory
        audit: NO DECLARATIONS REPORTED — probe produced no axiom lines
        the probe output, first 20 lines:
          no such file or directory (error code: 4294967294)
            file: 
        probe kept for inspection: 
        report: tools/verify-audit/2026-09-09/Colony.axioms.txt  (EMPTY — do not commit as evidence)

  0 ok, 1 failed
[ 214/ 280] /Users/pablogrossi/Desktop/geometry/Orthogenesis/Geometry/Growth.lean
project:   /Users/pablogrossi/Desktop/geometry  (leanprover/lean4:v4.32.0)
mathlib:   leanprover/lean4:v4.32.0

  OK      55s  Growth.lean
mktemp: mkstemp failed on /tmp/leanprobe.XXXXXX.lean: File exists
/Users/pablogrossi/Desktop/geometry/tools/leancheck.sh: line 90: : No such file or directory
        audit: NO DECLARATIONS REPORTED — probe produced no axiom lines
        the probe output, first 20 lines:
          no such file or directory (error code: 4294967294)
            file: 
        probe kept for inspection: 
        report: tools/verify-audit/2026-09-09/Growth.axioms.txt  (EMPTY — do not commit as evidence)

  0 ok, 1 failed
[ 215/ 280] /Users/pablogrossi/Desktop/geometry/Orthogenesis/Geometry/HexGrid.lean
project:   /Users/pablogrossi/Desktop/geometry  (leanprover/lean4:v4.32.0)
mathlib:   leanprover/lean4:v4.32.0

  OK      69s  HexGrid.lean
mktemp: mkstemp failed on /tmp/leanprobe.XXXXXX.lean: File exists
/Users/pablogrossi/Desktop/geometry/tools/leancheck.sh: line 90: : No such file or directory
        audit: NO DECLARATIONS REPORTED — probe produced no axiom lines
        the probe output, first 20 lines:
          no such file or directory (error code: 4294967294)
            file: 
        probe kept for inspection: 
        report: tools/verify-audit/2026-09-09/HexGrid.axioms.txt  (EMPTY — do not commit as evidence)

  0 ok, 1 failed
[ 216/ 280] /Users/pablogrossi/Desktop/geometry/Orthogenesis/Geometry/Main.lean
project:   /Users/pablogrossi/Desktop/geometry  (leanprover/lean4:v4.32.0)
mathlib:   leanprover/lean4:v4.32.0

  OK    1743s  Main.lean
mktemp: mkstemp failed on /tmp/leanprobe.XXXXXX.lean: File exists
/Users/pablogrossi/Desktop/geometry/tools/leancheck.sh: line 90: : No such file or directory
        audit: NO DECLARATIONS REPORTED — probe produced no axiom lines
        the probe output, first 20 lines:
          no such file or directory (error code: 4294967294)
            file: 
        probe kept for inspection: 
        report: tools/verify-audit/2026-09-09/Main.axioms.txt  (EMPTY — do not commit as evidence)

  0 ok, 1 failed
[ 217/ 280] /Users/pablogrossi/Desktop/geometry/book4/ZetaScratch.lean
project:   /Users/pablogrossi/Desktop/geometry  (leanprover/lean4:v4.32.0)
mathlib:   leanprover/lean4:v4.32.0

  OK      87s  ZetaScratch.lean
mktemp: mkstemp failed on /tmp/leanprobe.XXXXXX.lean: File exists
/Users/pablogrossi/Desktop/geometry/tools/leancheck.sh: line 90: : No such file or directory
        audit: NO DECLARATIONS REPORTED — probe produced no axiom lines
        the probe output, first 20 lines:
          no such file or directory (error code: 4294967294)
            file: 
        probe kept for inspection: 
        report: tools/verify-audit/2026-09-09/ZetaScratch.axioms.txt  (EMPTY — do not commit as evidence)

  0 ok, 1 failed
[ 218/ 280] /Users/pablogrossi/Desktop/geometry/book6/MayaCalendar.lean
project:   /Users/pablogrossi/Desktop/geometry  (leanprover/lean4:v4.32.0)
mathlib:   leanprover/lean4:v4.32.0

  FAIL    31s  MayaCalendar.lean  (6 errors)
          /Users/pablogrossi/Desktop/geometry/book6/MayaCalendar.lean:53:31: error(lean.unknownIdentifier): Unknown constant `ZMod.natCast_zmod_eq_zero_iff_dvd`
          /Users/pablogrossi/Desktop/geometry/book6/MayaCalendar.lean:55:9: error(lean.unknownIdentifier): Unknown constant `ZMod.natCast_zmod_eq_zero_iff_dvd`
          /Users/pablogrossi/Desktop/geometry/book6/MayaCalendar.lean:63:28: error(lean.unknownIdentifier): Unknown constant `ZMod.natCast_zmod_eq_zero_iff_dvd`
          /Users/pablogrossi/Desktop/geometry/book6/MayaCalendar.lean:64:28: error(lean.unknownIdentifier): Unknown constant `ZMod.natCast_zmod_eq_zero_iff_dvd`
          /Users/pablogrossi/Desktop/geometry/book6/MayaCalendar.lean:65:28: error(lean.unknownIdentifier): Unknown constant `ZMod.natCast_zmod_eq_zero_iff_dvd`
          /Users/pablogrossi/Desktop/geometry/book6/MayaCalendar.lean:66:28: error(lean.unknownIdentifier): Unknown constant `ZMod.natCast_zmod_eq_zero_iff_dvd`

  0 ok, 1 failed
[ 219/ 280] /Users/pablogrossi/Desktop/geometry/book6/ReactionDiffusionFold.lean
project:   /Users/pablogrossi/Desktop/geometry  (leanprover/lean4:v4.32.0)
mathlib:   leanprover/lean4:v4.32.0

  OK      61s  ReactionDiffusionFold.lean
mktemp: mkstemp failed on /tmp/leanprobe.XXXXXX.lean: File exists
/Users/pablogrossi/Desktop/geometry/tools/leancheck.sh: line 90: : No such file or directory
        audit: NO DECLARATIONS REPORTED — probe produced no axiom lines
        the probe output, first 20 lines:
          no such file or directory (error code: 4294967294)
            file: 
        probe kept for inspection: 
        report: tools/verify-audit/2026-09-09/ReactionDiffusionFold.axioms.txt  (EMPTY — do not commit as evidence)

  0 ok, 1 failed
[ 220/ 280] /Users/pablogrossi/Desktop/geometry/book8/TurnaroundUniverse.lean
project:   /Users/pablogrossi/Desktop/geometry  (leanprover/lean4:v4.32.0)
mathlib:   leanprover/lean4:v4.32.0

  OK      49s  TurnaroundUniverse.lean
mktemp: mkstemp failed on /tmp/leanprobe.XXXXXX.lean: File exists
/Users/pablogrossi/Desktop/geometry/tools/leancheck.sh: line 90: : No such file or directory
        audit: NO DECLARATIONS REPORTED — probe produced no axiom lines
        the probe output, first 20 lines:
          no such file or directory (error code: 4294967294)
            file: 
        probe kept for inspection: 
        report: tools/verify-audit/2026-09-09/TurnaroundUniverse.axioms.txt  (EMPTY — do not commit as evidence)

  0 ok, 1 failed
[ 221/ 280] /Users/pablogrossi/Desktop/geometry/docs/ml-evidence/AXLE-tools-verify-core/probe_core.lean
project:   /Users/pablogrossi/Desktop/geometry  (leanprover/lean4:v4.32.0)
mathlib:   leanprover/lean4:v4.32.0

  FAIL   404s  probe_core.lean  (99 errors)
          /Users/pablogrossi/Desktop/geometry/docs/ml-evidence/AXLE-tools-verify-core/probe_core.lean:21:14: error(lean.unknownIdentifier): Unknown constant `PrincipiaVol1.V_critical_at_one`
          /Users/pablogrossi/Desktop/geometry/docs/ml-evidence/AXLE-tools-verify-core/probe_core.lean:22:14: error(lean.unknownIdentifier): Unknown constant `PrincipiaVol1.V_second_deriv_at_one`
          /Users/pablogrossi/Desktop/geometry/docs/ml-evidence/AXLE-tools-verify-core/probe_core.lean:23:14: error(lean.unknownIdentifier): Unknown constant `PrincipiaVol1.V_second_deriv_ne_zero`
          /Users/pablogrossi/Desktop/geometry/docs/ml-evidence/AXLE-tools-verify-core/probe_core.lean:24:14: error(lean.unknownIdentifier): Unknown constant `PrincipiaVol1.V_at_one`
          /Users/pablogrossi/Desktop/geometry/docs/ml-evidence/AXLE-tools-verify-core/probe_core.lean:25:14: error(lean.unknownIdentifier): Unknown constant `PrincipiaVol1.V_factored`
          /Users/pablogrossi/Desktop/geometry/docs/ml-evidence/AXLE-tools-verify-core/probe_core.lean:26:14: error(lean.unknownIdentifier): Unknown constant `PrincipiaVol1.contactCoeff_neg`
          /Users/pablogrossi/Desktop/geometry/docs/ml-evidence/AXLE-tools-verify-core/probe_core.lean:27:14: error(lean.unknownIdentifier): Unknown constant `PrincipiaVol1.contactCoeff_ne_zero`
          /Users/pablogrossi/Desktop/geometry/docs/ml-evidence/AXLE-tools-verify-core/probe_core.lean:28:14: error(lean.unknownIdentifier): Unknown constant `PrincipiaVol1.gronwall_radius`
          /Users/pablogrossi/Desktop/geometry/docs/ml-evidence/AXLE-tools-verify-core/probe_core.lean:29:14: error(lean.unknownIdentifier): Unknown constant `PrincipiaVol1.epsilon0_of_two`
          /Users/pablogrossi/Desktop/geometry/docs/ml-evidence/AXLE-tools-verify-core/probe_core.lean:30:14: error(lean.unknownIdentifier): Unknown constant `PrincipiaVol1.epsilon0_of_three`
          /Users/pablogrossi/Desktop/geometry/docs/ml-evidence/AXLE-tools-verify-core/probe_core.lean:31:14: error(lean.unknownIdentifier): Unknown constant `PrincipiaVol1.epsilon0_of_eq_third_iff`
          /Users/pablogrossi/Desktop/geometry/docs/ml-evidence/AXLE-tools-verify-core/probe_core.lean:32:14: error(lean.unknownIdentifier): Unknown constant `PrincipiaVol1.gronwall_radius_pos`
          /Users/pablogrossi/Desktop/geometry/docs/ml-evidence/AXLE-tools-verify-core/probe_core.lean:33:14: error(lean.unknownIdentifier): Unknown constant `PrincipiaVol1.gronwall_radius_lt_one`
          /Users/pablogrossi/Desktop/geometry/docs/ml-evidence/AXLE-tools-verify-core/probe_core.lean:34:14: error(lean.unknownIdentifier): Unknown constant `PrincipiaVol1.basin_asymmetry`
          /Users/pablogrossi/Desktop/geometry/docs/ml-evidence/AXLE-tools-verify-core/probe_core.lean:35:14: error(lean.unknownIdentifier): Unknown constant `PrincipiaVol1.basin_asymmetry_at_canonical_r_star`
          /Users/pablogrossi/Desktop/geometry/docs/ml-evidence/AXLE-tools-verify-core/probe_core.lean:36:14: error(lean.unknownIdentifier): Unknown constant `PrincipiaVol1.mu_canonical`
          /Users/pablogrossi/Desktop/geometry/docs/ml-evidence/AXLE-tools-verify-core/probe_core.lean:37:14: error(lean.unknownIdentifier): Unknown constant `PrincipiaVol1.mu_dm3_neg`
          /Users/pablogrossi/Desktop/geometry/docs/ml-evidence/AXLE-tools-verify-core/probe_core.lean:38:14: error(lean.unknownIdentifier): Unknown constant `PrincipiaVol1.Phi_pos`
          /Users/pablogrossi/Desktop/geometry/docs/ml-evidence/AXLE-tools-verify-core/probe_core.lean:39:14: error(lean.unknownIdentifier): Unknown constant `PrincipiaVol1.dPhi_pos`
          /Users/pablogrossi/Desktop/geometry/docs/ml-evidence/AXLE-tools-verify-core/probe_core.lean:40:14: error(lean.unknownIdentifier): Unknown constant `PrincipiaVol1.dPhi_at_threshold`
          /Users/pablogrossi/Desktop/geometry/docs/ml-evidence/AXLE-tools-verify-core/probe_core.lean:41:14: error(lean.unknownIdentifier): Unknown constant `PrincipiaVol1.noiseTolerance`
          /Users/pablogrossi/Desktop/geometry/docs/ml-evidence/AXLE-tools-verify-core/probe_core.lean:42:14: error(lean.unknownIdentifier): Unknown constant `PrincipiaVol1.gronwall_contraction_below_stability_radius`
          /Users/pablogrossi/Desktop/geometry/docs/ml-evidence/AXLE-tools-verify-core/probe_core.lean:43:14: error(lean.unknownIdentifier): Unknown constant `PrincipiaVol1.exp_neg_two_le`
          /Users/pablogrossi/Desktop/geometry/docs/ml-evidence/AXLE-tools-verify-core/probe_core.lean:44:14: error(lean.unknownIdentifier): Unknown constant `PrincipiaVol1.exp_neg_twelve_le`
          /Users/pablogrossi/Desktop/geometry/docs/ml-evidence/AXLE-tools-verify-core/probe_core.lean:45:14: error(lean.unknownIdentifier): Unknown constant `PrincipiaVol1.transverse_sum_bound`
          /Users/pablogrossi/Desktop/geometry/docs/ml-evidence/AXLE-tools-verify-core/probe_core.lean:46:14: error(lean.unknownIdentifier): Unknown constant `PrincipiaVol1.spectral_trace_ne_33`
          /Users/pablogrossi/Desktop/geometry/docs/ml-evidence/AXLE-tools-verify-core/probe_core.lean:47:14: error(lean.unknownIdentifier): Unknown constant `PrincipiaVol1.separation_theorem`
          /Users/pablogrossi/Desktop/geometry/docs/ml-evidence/AXLE-tools-verify-core/probe_core.lean:48:14: error(lean.unknownIdentifier): Unknown constant `PrincipiaVol1.separation_trace_first`
          /Users/pablogrossi/Desktop/geometry/docs/ml-evidence/AXLE-tools-verify-core/probe_core.lean:49:14: error(lean.unknownIdentifier): Unknown constant `PrincipiaVol1.coherent_directions_realise_33`
          /Users/pablogrossi/Desktop/geometry/docs/ml-evidence/AXLE-tools-verify-core/probe_core.lean:50:14: error(lean.unknownIdentifier): Unknown constant `PrincipiaVol1.transverse_sum_bound_general`
          /Users/pablogrossi/Desktop/geometry/docs/ml-evidence/AXLE-tools-verify-core/probe_core.lean:51:14: error(lean.unknownIdentifier): Unknown constant `PrincipiaVol1.spectral_trace_ne_33_upto`
          /Users/pablogrossi/Desktop/geometry/docs/ml-evidence/AXLE-tools-verify-core/probe_core.lean:52:14: error(lean.unknownIdentifier): Unknown constant `PrincipiaVol1.separation_fails_in_high_dimension`
          /Users/pablogrossi/Desktop/geometry/docs/ml-evidence/AXLE-tools-verify-core/probe_core.lean:53:14: error(lean.unknownIdentifier): Unknown constant `PrincipiaVol1.dm3_hypothesis_nonvacuous`
          /Users/pablogrossi/Desktop/geometry/docs/ml-evidence/AXLE-tools-verify-core/probe_core.lean:54:14: error(lean.unknownIdentifier): Unknown constant `PrincipiaVol1.v6_separation_statement_is_false`
          /Users/pablogrossi/Desktop/geometry/docs/ml-evidence/AXLE-tools-verify-core/probe_core.lean:55:14: error(lean.unknownIdentifier): Unknown constant `PrincipiaVol1.v6_statement_false_at_dimension_five`
          /Users/pablogrossi/Desktop/geometry/docs/ml-evidence/AXLE-tools-verify-core/probe_core.lean:56:14: error(lean.unknownIdentifier): Unknown constant `PrincipiaVol1.sup_strictMono_isLimit`
          /Users/pablogrossi/Desktop/geometry/docs/ml-evidence/AXLE-tools-verify-core/probe_core.lean:57:14: error(lean.unknownIdentifier): Unknown constant `PrincipiaVol1.closurePoints_unbounded`
          /Users/pablogrossi/Desktop/geometry/docs/ml-evidence/AXLE-tools-verify-core/probe_core.lean:58:14: error(lean.unknownIdentifier): Unknown constant `PrincipiaVol1.sup_lt_of_regular`
          /Users/pablogrossi/Desktop/geometry/docs/ml-evidence/AXLE-tools-verify-core/probe_core.lean:59:14: error(lean.unknownIdentifier): Unknown constant `PrincipiaVol1.pickAbove_spec`
          /Users/pablogrossi/Desktop/geometry/docs/ml-evidence/AXLE-tools-verify-core/probe_core.lean:60:14: error(lean.unknownIdentifier): Unknown constant `PrincipiaVol1.chain_bound`
          /Users/pablogrossi/Desktop/geometry/docs/ml-evidence/AXLE-tools-verify-core/probe_core.lean:61:14: error(lean.unknownIdentifier): Unknown constant `PrincipiaVol1.chain_mem`
          /Users/pablogrossi/Desktop/geometry/docs/ml-evidence/AXLE-tools-verify-core/probe_core.lean:62:14: error(lean.unknownIdentifier): Unknown constant `PrincipiaVol1.chain_strictMono`
          /Users/pablogrossi/Desktop/geometry/docs/ml-evidence/AXLE-tools-verify-core/probe_core.lean:63:14: error(lean.unknownIdentifier): Unknown constant `PrincipiaVol1.closurePoints_stationary`
          /Users/pablogrossi/Desktop/geometry/docs/ml-evidence/AXLE-tools-verify-core/probe_core.lean:64:14: error(lean.unknownIdentifier): Unknown constant `PrincipiaVol1.nextLevel_layer_count_gt`
          /Users/pablogrossi/Desktop/geometry/docs/ml-evidence/AXLE-tools-verify-core/probe_core.lean:65:14: error(lean.unknownIdentifier): Unknown constant `PrincipiaVol1.regeneration_unbounded`
          /Users/pablogrossi/Desktop/geometry/docs/ml-evidence/AXLE-tools-verify-core/probe_core.lean:66:14: error(lean.unknownIdentifier): Unknown constant `PrincipiaVol1.ordinalNextLevel_is_closure_point`
          /Users/pablogrossi/Desktop/geometry/docs/ml-evidence/AXLE-tools-verify-core/probe_core.lean:67:14: error(lean.unknownIdentifier): Unknown constant `PrincipiaVol1.ordinal_regeneration_unbounded`
          /Users/pablogrossi/Desktop/geometry/docs/ml-evidence/AXLE-tools-verify-core/probe_core.lean:68:14: error(lean.unknownIdentifier): Unknown constant `PrincipiaVol1.regeneration_hierarchy_mahlo`
          /Users/pablogrossi/Desktop/geometry/docs/ml-evidence/AXLE-tools-verify-core/probe_core.lean:69:14: error(lean.unknownIdentifier): Unknown constant `PrincipiaVol1.crystal_aspect_ratio`
          /Users/pablogrossi/Desktop/geometry/docs/ml-evidence/AXLE-tools-verify-core/probe_core.lean:70:14: error(lean.unknownIdentifier): Unknown constant `PrincipiaVol1.aspect_ratio_encodes_invariants`
          /Users/pablogrossi/Desktop/geometry/docs/ml-evidence/AXLE-tools-verify-core/probe_core.lean:71:14: error(lean.unknownIdentifier): Unknown constant `PrincipiaVol1.unfold_stable_branch_is_vacuous`
          /Users/pablogrossi/Desktop/geometry/docs/ml-evidence/AXLE-tools-verify-core/probe_core.lean:72:14: error(lean.unknownIdentifier): Unknown constant `PrincipiaVol1.foldMap_not_odd`
          /Users/pablogrossi/Desktop/geometry/docs/ml-evidence/AXLE-tools-verify-core/probe_core.lean:73:14: error(lean.unknownIdentifier): Unknown constant `PrincipiaVol1.foldMap_branch_subset`
          /Users/pablogrossi/Desktop/geometry/docs/ml-evidence/AXLE-tools-verify-core/probe_core.lean:74:14: error(lean.unknownIdentifier): Unknown constant `PrincipiaVol1.foldSym_branch_subset`
          /Users/pablogrossi/Desktop/geometry/docs/ml-evidence/AXLE-tools-verify-core/probe_core.lean:75:14: error(lean.unknownIdentifier): Unknown constant `PrincipiaVol1.shrinkMap_sq_le`
          /Users/pablogrossi/Desktop/geometry/docs/ml-evidence/AXLE-tools-verify-core/probe_core.lean:76:14: error(lean.unknownIdentifier): Unknown constant `PrincipiaVol1.nonCommutativity_instance`
          /Users/pablogrossi/Desktop/geometry/docs/ml-evidence/AXLE-tools-verify-core/probe_core.lean:77:14: error(lean.unknownIdentifier): Unknown constant `PrincipiaVol1.nonCommutativity_nondegenerate`
          /Users/pablogrossi/Desktop/geometry/docs/ml-evidence/AXLE-tools-verify-core/probe_core.lean:78:14: error(lean.unknownIdentifier): Unknown constant `PrincipiaVol1.commuting_instance`
          /Users/pablogrossi/Desktop/geometry/docs/ml-evidence/AXLE-tools-verify-core/probe_core.lean:79:14: error(lean.unknownIdentifier): Unknown constant `PrincipiaVol1.compression_permits_identity`
          /Users/pablogrossi/Desktop/geometry/docs/ml-evidence/AXLE-tools-verify-core/probe_core.lean:80:14: error(lean.unknownIdentifier): Unknown constant `PrincipiaVol1.exists_order_dependent`
          /Users/pablogrossi/Desktop/geometry/docs/ml-evidence/AXLE-tools-verify-core/probe_core.lean:81:14: error(lean.unknownIdentifier): Unknown constant `PrincipiaVol1.not_forall_order_dependent`
          /Users/pablogrossi/Desktop/geometry/docs/ml-evidence/AXLE-tools-verify-core/probe_core.lean:82:14: error(lean.unknownIdentifier): Unknown constant `PrincipiaVol1.thm_5_3_is_exactly_existential`
          /Users/pablogrossi/Desktop/geometry/docs/ml-evidence/AXLE-tools-verify-core/probe_core.lean:85:14: error(lean.unknownIdentifier): Unknown constant `AutophagyDm3.contactCoeff_neg`
          /Users/pablogrossi/Desktop/geometry/docs/ml-evidence/AXLE-tools-verify-core/probe_core.lean:86:14: error(lean.unknownIdentifier): Unknown constant `AutophagyDm3.contactCoeff_ne_zero`
          /Users/pablogrossi/Desktop/geometry/docs/ml-evidence/AXLE-tools-verify-core/probe_core.lean:87:14: error(lean.unknownIdentifier): Unknown constant `AutophagyDm3.V_critical_at_one`
          /Users/pablogrossi/Desktop/geometry/docs/ml-evidence/AXLE-tools-verify-core/probe_core.lean:88:14: error(lean.unknownIdentifier): Unknown constant `AutophagyDm3.V_second_deriv_at_one`
          /Users/pablogrossi/Desktop/geometry/docs/ml-evidence/AXLE-tools-verify-core/probe_core.lean:89:14: error(lean.unknownIdentifier): Unknown constant `AutophagyDm3.V_second_deriv_ne_zero`
          /Users/pablogrossi/Desktop/geometry/docs/ml-evidence/AXLE-tools-verify-core/probe_core.lean:90:14: error(lean.unknownIdentifier): Unknown constant `AutophagyDm3.V_at_one`
          /Users/pablogrossi/Desktop/geometry/docs/ml-evidence/AXLE-tools-verify-core/probe_core.lean:91:14: error(lean.unknownIdentifier): Unknown constant `AutophagyDm3.V_factored`
          /Users/pablogrossi/Desktop/geometry/docs/ml-evidence/AXLE-tools-verify-core/probe_core.lean:92:14: error(lean.unknownIdentifier): Unknown constant `AutophagyDm3.V_double_root`

  0 ok, 1 failed
[ 222/ 280] /Users/pablogrossi/Desktop/geometry/tools/conclusion_scan.lean
project:   /Users/pablogrossi/Desktop/geometry  (leanprover/lean4:v4.32.0)
mathlib:   leanprover/lean4:v4.32.0

  FAIL   327s  conclusion_scan.lean  (18 errors)
          /Users/pablogrossi/Desktop/geometry/tools/conclusion_scan.lean:70:19: error(lean.synthInstanceFailed): failed to synthesize instance of type class
            OfNat MessageData 0
          numerals are polymorphic in Lean, but the numeral `0` cannot be used in a context where the expected type is
            MessageData
          due to the absence of the instance above
          
          Hint: Type class instance resolution failures can be inspected with the `set_option trace.Meta.synthInstance true` command.
          /Users/pablogrossi/Desktop/geometry/tools/conclusion_scan.lean:69:21: error(lean.synthInstanceFailed): failed to synthesize instance of type class
            OfNat MessageData 0
          numerals are polymorphic in Lean, but the numeral `0` cannot be used in a context where the expected type is
            MessageData
          due to the absence of the instance above
          
          Hint: Type class instance resolution failures can be inspected with the `set_option trace.Meta.synthInstance true` command.
          /Users/pablogrossi/Desktop/geometry/tools/conclusion_scan.lean:76:19: error(lean.synthInstanceFailed): failed to synthesize instance of type class
            HAdd MessageData ℕ MessageData
          
          Hint: Type class instance resolution failures can be inspected with the `set_option trace.Meta.synthInstance true` command.
          /Users/pablogrossi/Desktop/geometry/tools/conclusion_scan.lean:79:23: error(lean.synthInstanceFailed): failed to synthesize instance of type class
            HAdd MessageData ℕ MessageData
          
          Hint: Type class instance resolution failures can be inspected with the `set_option trace.Meta.synthInstance true` command.
          /Users/pablogrossi/Desktop/geometry/tools/conclusion_scan.lean:91:19: error(lean.synthInstanceFailed): failed to synthesize instance of type class
            OfNat MessageData 0
          numerals are polymorphic in Lean, but the numeral `0` cannot be used in a context where the expected type is
            MessageData
          due to the absence of the instance above
          
          Hint: Type class instance resolution failures can be inspected with the `set_option trace.Meta.synthInstance true` command.
          /Users/pablogrossi/Desktop/geometry/tools/conclusion_scan.lean:90:21: error(lean.synthInstanceFailed): failed to synthesize instance of type class
            OfNat MessageData 0
          numerals are polymorphic in Lean, but the numeral `0` cannot be used in a context where the expected type is
            MessageData
          due to the absence of the instance above
          
          Hint: Type class instance resolution failures can be inspected with the `set_option trace.Meta.synthInstance true` command.
          /Users/pablogrossi/Desktop/geometry/tools/conclusion_scan.lean:92:21: error(lean.synthInstanceFailed): failed to synthesize instance of type class
            OfNat MessageData 0
          numerals are polymorphic in Lean, but the numeral `0` cannot be used in a context where the expected type is
            MessageData
          due to the absence of the instance above
          
          Hint: Type class instance resolution failures can be inspected with the `set_option trace.Meta.synthInstance true` command.
          /Users/pablogrossi/Desktop/geometry/tools/conclusion_scan.lean:97:17: error(lean.synthInstanceFailed): failed to synthesize instance of type class
            HAdd MessageData ℕ MessageData
          
          Hint: Type class instance resolution failures can be inspected with the `set_option trace.Meta.synthInstance true` command.
          /Users/pablogrossi/Desktop/geometry/tools/conclusion_scan.lean:100:21: error(lean.synthInstanceFailed): failed to synthesize instance of type class
            HAdd MessageData ℕ MessageData
          
          Hint: Type class instance resolution failures can be inspected with the `set_option trace.Meta.synthInstance true` command.
          /Users/pablogrossi/Desktop/geometry/tools/conclusion_scan.lean:103:19: error(lean.synthInstanceFailed): failed to synthesize instance of type class
            HAdd MessageData ℕ MessageData
          
          Hint: Type class instance resolution failures can be inspected with the `set_option trace.Meta.synthInstance true` command.
          /Users/pablogrossi/Desktop/geometry/tools/conclusion_scan.lean:106:19: error(lean.synthInstanceFailed): failed to synthesize instance of type class
            HAdd MessageData ℕ MessageData
          
          Hint: Type class instance resolution failures can be inspected with the `set_option trace.Meta.synthInstance true` command.
          /Users/pablogrossi/Desktop/geometry/tools/conclusion_scan.lean:115:19: error(lean.synthInstanceFailed): failed to synthesize instance of type class
            OfNat MessageData 0
          numerals are polymorphic in Lean, but the numeral `0` cannot be used in a context where the expected type is
            MessageData
          due to the absence of the instance above
          
          Hint: Type class instance resolution failures can be inspected with the `set_option trace.Meta.synthInstance true` command.
          /Users/pablogrossi/Desktop/geometry/tools/conclusion_scan.lean:114:21: error(lean.synthInstanceFailed): failed to synthesize instance of type class
            OfNat MessageData 0
          numerals are polymorphic in Lean, but the numeral `0` cannot be used in a context where the expected type is
            MessageData

  0 ok, 1 failed
[ 223/ 280] /Users/pablogrossi/Desktop/geometry/tools/conclusion_scan_fixtures.lean
project:   /Users/pablogrossi/Desktop/geometry  (leanprover/lean4:v4.32.0)
mathlib:   leanprover/lean4:v4.32.0

  FAIL    13s  conclusion_scan_fixtures.lean  (5 errors)
          /Users/pablogrossi/Desktop/geometry/tools/conclusion_scan_fixtures.lean:74:19: error(lean.synthInstanceFailed): failed to synthesize instance of type class
            OfNat MessageData 0
          numerals are polymorphic in Lean, but the numeral `0` cannot be used in a context where the expected type is
            MessageData
          due to the absence of the instance above
          
          Hint: Type class instance resolution failures can be inspected with the `set_option trace.Meta.synthInstance true` command.
          /Users/pablogrossi/Desktop/geometry/tools/conclusion_scan_fixtures.lean:73:21: error(lean.synthInstanceFailed): failed to synthesize instance of type class
            OfNat MessageData 0
          numerals are polymorphic in Lean, but the numeral `0` cannot be used in a context where the expected type is
            MessageData
          due to the absence of the instance above
          
          Hint: Type class instance resolution failures can be inspected with the `set_option trace.Meta.synthInstance true` command.
          /Users/pablogrossi/Desktop/geometry/tools/conclusion_scan_fixtures.lean:80:19: error(lean.synthInstanceFailed): failed to synthesize instance of type class
            HAdd MessageData Nat MessageData
          
          Hint: Type class instance resolution failures can be inspected with the `set_option trace.Meta.synthInstance true` command.
          /Users/pablogrossi/Desktop/geometry/tools/conclusion_scan_fixtures.lean:83:23: error(lean.synthInstanceFailed): failed to synthesize instance of type class
            HAdd MessageData Nat MessageData
          
          Hint: Type class instance resolution failures can be inspected with the `set_option trace.Meta.synthInstance true` command.
          /Users/pablogrossi/Desktop/geometry/tools/conclusion_scan_fixtures.lean:89:0: error: elaboration function for `«command#vacuity_scan_»` has not been implemented

  0 ok, 1 failed
[ 224/ 280] /Users/pablogrossi/Desktop/geometry/tools/verify-book8/probe_book8.lean
project:   /Users/pablogrossi/Desktop/geometry  (leanprover/lean4:v4.32.0)
mathlib:   leanprover/lean4:v4.32.0

  OK     296s  probe_book8.lean
mktemp: mkstemp failed on /tmp/leanprobe.XXXXXX.lean: File exists
/Users/pablogrossi/Desktop/geometry/tools/leancheck.sh: line 90: : No such file or directory
        audit: NO DECLARATIONS REPORTED — probe produced no axiom lines
        the probe output, first 20 lines:
          no such file or directory (error code: 4294967294)
            file: 
        probe kept for inspection: 
        report: tools/verify-audit/2026-09-09/probe_book8.axioms.txt  (EMPTY — do not commit as evidence)

  0 ok, 1 failed
[ 225/ 280] /Users/pablogrossi/Desktop/geometry/tools/verify-dm3/probe_dm3.lean
project:   /Users/pablogrossi/Desktop/geometry  (leanprover/lean4:v4.32.0)
mathlib:   leanprover/lean4:v4.32.0

  OK     414s  probe_dm3.lean
mktemp: mkstemp failed on /tmp/leanprobe.XXXXXX.lean: File exists
/Users/pablogrossi/Desktop/geometry/tools/leancheck.sh: line 90: : No such file or directory
        audit: NO DECLARATIONS REPORTED — probe produced no axiom lines
        the probe output, first 20 lines:
          no such file or directory (error code: 4294967294)
            file: 
        probe kept for inspection: 
        report: tools/verify-audit/2026-09-09/probe_dm3.axioms.txt  (EMPTY — do not commit as evidence)

  0 ok, 1 failed
[ 226/ 280] /Users/pablogrossi/Desktop/geometry/vol2-v5/deposit/VolumeTwo.lean
project:   /Users/pablogrossi/Desktop/geometry  (leanprover/lean4:v4.32.0)
mathlib:   leanprover/lean4:v4.32.0

  FAIL   151s  VolumeTwo.lean  (1 errors)
          /Users/pablogrossi/Desktop/geometry/vol2-v5/deposit/VolumeTwo.lean:354:30: error: invalid binder annotation, type is not a class instance
            ?m.2
          
          Note: Use the command `set_option checkBinderAnnotations false` to disable the check

  0 ok, 1 failed
[ 227/ 280] /Users/pablogrossi/Desktop/GTCT/Axioms.lean
project:   /Users/pablogrossi/Desktop/geometry  (leanprover/lean4:v4.32.0)
mathlib:   leanprover/lean4:v4.32.0

